MstrRecNbrTxt,CollisionDate,CollisionDteTime,YearNmb,Month,DayOfWeek,Hour,Latitude,Longitude,InjuryClass,PersonType,NonMotoristLocation,RelationToJunction,LightCondition,MannerOfCollision,FirstHarmfulEvent,VictimsInCrash,InMemphis,Jurisdiction,StateRoute_NAME,StateRoute_F_System,StateRoute_SPDLIMIT,StateRoute_LANES,StateRoute_ALTNAME_1,StateRoute_Council_District,DistToStateRoute_m
301005400,2025-03-08,2025-03-08 06:00:00,2025,3,Saturday,6,35.1603,-90.035835,No Injury,Pedestrian,Unknown,Non-Junction,Unknown,Not Collision with Motor Vehicle in Transport,Other,1,True,City of Memphis,,,,,,,32.16010309814352
301020562,2025-05-29,2025-05-29 17:15:00,2025,5,Thursday,17,35.16884,-90.022896,Possible Injury,Pedestrian,Intersection-On Roadway not in Crosswalk,Intersection-Related,Daylight,Not Collision with Motor Vehicle in Transport,Pedestrian,1,True,City of Memphis,,,,,,,1207.1817760909205
301022525,2025-06-09,2025-06-09 21:50:00,2025,6,Monday,21,35.14318,-90.0071,Suspected Minor Injury,Pedestrian,Not Intersection-On Roadway Not In Crosswalk,Non-Junction,Dark-Lighted,Not Collision with Motor Vehicle in Transport,Pedestrian,1,True,City of Memphis,,,,,,,796.8431547070909
301000756,2025-02-01,2025-02-01 23:00:00,2025,2,Saturday,23,35.155174,-89.798775,No Injury,Other Non-Motorist,Not Intersection-Other Not On Roadway,Non-Junction,Dark-Not Lighted,Angle,Other,1,True,City of Memphis,,,,,,,309.52280348070485
301031799,2025-08-03,2025-08-03 20:23:00,2025,8,Sunday,20,35.10679,-90.0648,Possible Injury,Pedestrian,Intersection-On Roadway not in Crosswalk,Non-Junction,Dark-Lighted,Not Collision with Motor Vehicle in Transport,Pedestrian,1,True,City of Memphis,,,,,,,860.1898217621622
300997604,2025-01-21,2025-01-21 18:00:00,2025,1,Tuesday,18,35.020733,-89.952866,Possible Injury,Pedestrian,Intersection-On Roadway not in Crosswalk,AccelDecelLane,Dusk,Not Collision with Motor Vehicle in Transport,Pedestrian,1,True,TDOT,E SHELBY DR,Principal Arterial,45.0,7,175,3,5.667996068300697
301005112,2025-03-06,2025-03-06 07:12:00,2025,3,Thursday,7,35.057228,-89.88584,Possible Injury,Pedestrian,Intersection-On Roadway not in Crosswalk,Intersection,Daylight,Not Collision with Motor Vehicle in Transport,Pedestrian,1,True,City of Memphis,,,,,,,2702.131056905177
301026863,2025-07-01,2025-07-01 20:00:00,2025,7,Tuesday,20,35.107574,-89.92609,Possible Injury,Pedestrian,Intersection-In Crosswalk,Intersection-Related,Dark-Unknown Lighting,Not Collision with Motor Vehicle in Transport,Pedestrian,1,True,City of Memphis,,,,,,,1658.3917583334544
301020543,2025-05-29,2025-05-29 10:24:00,2025,5,Thursday,10,35.1361,-90.02693,Possible Injury,Pedestrian,Intersection-In Crosswalk,Non-Junction,Daylight,Not Collision with Motor Vehicle in Transport,Pedestrian,1,True,City of Memphis,,,,,,,146.49946000842363
300994636,2025-01-01,2025-01-01 19:29:00,2025,1,Wednesday,19,35.20584,-89.913925,No Injury,Pedestrian,Not Intersection-Unknown,AccelDecelLane,Dark-Lighted,Angle,Other,1,True,TDOT,STAGE RD,Principal Arterial,45.0,6,15,1,5.017184342605892
301004501,2025-03-02,2025-03-02 13:45:00,2025,3,Sunday,13,35.096012,-89.925415,Possible Injury,Pedestrian,Not Intersection-Unknown,Non-Junction,Daylight,Not Collision with Motor Vehicle in Transport,Other,1,True,City of Memphis,,,,,,,1804.754418828175
301002564,2025-02-20,2025-02-20 20:24:00,2025,2,Thursday,20,35.169334,-89.86542,Possible Injury,Pedestrian,Not Intersection-On Roadway Not In Crosswalk,Non-Junction,Dark-Lighted,Not Collision with Motor Vehicle in Transport,Pedestrian,1,True,City of Memphis,,,,,,,403.8179158704271
301013587,2025-04-21,2025-04-21 18:35:00,2025,4,Monday,18,35.02621,-89.86514,Possible Injury,Pedestrian,Not Intersection-On Roadway Not In Crosswalk,Non-Junction,Daylight,Not Collision with Motor Vehicle in Transport,Pedestrian,1,True,City of Memphis,,,,,,,645.2750395987237
301004951,2025-03-05,2025-03-05 11:02:00,2025,3,Wednesday,11,35.14255,-90.0511,No Injury,Pedestrian,Intersection-In Crosswalk,Intersection,Daylight,Not Collision with Motor Vehicle in Transport,Pedestrian,1,True,TDOT,S THIRD ST,Minor Arterial,35.0,3,14,6,1.1768683914630271
301026657,2025-07-03,2025-07-03 21:00:00,2025,7,Thursday,21,35.109943,-90.05235,Possible Injury,Pedestrian,Not Intersection-On Roadway Not In Crosswalk,SharedUsePathOrTrail,Dark-Not Lighted,Not Collision with Motor Vehicle in Transport,Pedestrian,1,True,City of Memphis,,,,,,,267.59930591643297
301016950,2025-05-08,2025-05-08 20:32:00,2025,5,Thursday,20,35.085995,-89.96237,Possible Injury,Pedestrian,Intersection-In Crosswalk,AccelDecelLane,Dark-Lighted,Not Collision with Motor Vehicle in Transport,Pedestrian,1,True,TDOT,LAMAR AVE,Principal Arterial,40.0,5,4,4,3.2955919255992128
301004076,2025-02-28,2025-02-28 14:30:00,2025,2,Friday,14,35.04577,-89.84503,Suspected Minor Injury,Pedestrian,Intersection-Not on Roadway,Intersection,Daylight,Not Collision with Motor Vehicle in Transport,Pedestrian,1,True,City of Memphis,,,,,,,1666.7954908536562
301008169,2025-03-24,2025-03-24 14:00:00,2025,3,Monday,14,35.140484,-89.98288,Possible Injury,Pedestrian,Not Intersection-Unknown,Intersection-Related,Daylight,Not Collision with Motor Vehicle in Transport,Pedestrian,1,True,TDOT,E PARKWAY,Principal Arterial,40.0,3,277,5,3.423257970760932
301001945,2025-02-16,2025-02-16 22:00:00,2025,2,Sunday,22,35.02026,-89.93568,Possible Injury,Pedestrian,Intersection-Not on Roadway,Intersection,Dark-Lighted,Other,Other,1,True,City of Memphis,,,,,,,46.222439329698624
301018398,2025-05-17,2025-05-17 04:29:00,2025,5,Saturday,4,35.035267,-89.86451,No Injury,Pedestrian,Unknown,Through Roadway,Dark-Lighted,Not Collision with Motor Vehicle in Transport,Other,1,True,City of Memphis,,,,,,,1650.2717699093455
300994761,2024-12-29,2024-12-29 05:35:00,2024,12,Sunday,5,35.153957,-90.03372,Unknown,Pedestrian,Intersection-Unknown,Intersection,Dark-Lighted,Not Collision with Motor Vehicle in Transport,Pedestrian,1,True,City of Memphis,,,,,,,175.67294201106694
300999666,2025-02-03,2025-02-03 14:16:00,2025,2,Monday,14,35.154545,-89.9733,Suspected Serious Injury,Pedestrian,Not Intersection-On Roadway Not In Crosswalk,Non-Junction,Daylight,Not Collision with Motor Vehicle in Transport,Pedestrian,1,True,City of Memphis,,,,,,,383.61532436405446
301016061,2025-05-05,2025-05-05 05:34:00,2025,5,Monday,5,35.148259,-90.043566,Fatal,Pedestrian,Intersection-In Crosswalk,Intersection-Related,Dark-Lighted,Not Collision with Motor Vehicle in Transport,Pedestrian,1,True,TDOT,N DANNY THOMAS BLVD,Principal Arterial,35.0,7,1,7,1.2539036562597607
300922007,2023-11-05,2023-11-05 18:17:00,2023,11,Sunday,18,35.068485,-90.02571,Fatal,Pedestrian,Not Intersection-Other Not On Roadway,Entrance/Exit Ramp Related,Dark-Lighted,Front to Rear,Other,3,True,City of Memphis,,,,,,,342.9517364504116
300937038,2024-01-23,2024-01-23 21:42:00,2024,1,Tuesday,21,35.039467,-90.06915,Fatal,Pedestrian,Not Intersection-On Roadway Crosswalk not Available,Non-Junction,Dark-Lighted,Not Collision with Motor Vehicle in Transport,Pedestrian,1,True,TDOT,S THIRD ST,Principal Arterial,45.0,7,14,6,2.800904364891279
300994606,2025-01-01,2025-01-01 21:06:00,2025,1,Wednesday,21,35.128716,-90.02108,Fatal,Pedestrian,Not Intersection-On Roadway Not In Crosswalk,OtherLocation,Dark-Lighted,Not Collision with Motor Vehicle in Transport,Pedestrian,1,True,TDOT,S BELLEVUE BLVD,Minor Arterial,35.0,4,3,6,0.16135783821137242
300928875,2023-12-09,2023-12-09 21:16:00,2023,12,Saturday,21,35.099583,-89.95098,Fatal,Pedestrian,Intersection-Unknown,Intersection,Dark-Lighted,Not Collision with Motor Vehicle in Transport,Pedestrian,1,True,City of Memphis,,,,,,,1705.7954470314885
300974213,2024-09-08,2024-09-08 02:18:00,2024,9,Sunday,2,35.163914,-89.86537,Suspected Serious Injury,Pedestrian,Not Intersection-On Roadway Crosswalk not Available,Non-Junction,Dark-Lighted,Other,Other,1,True,City of Memphis,,,,,,,791.887373915036
301007302,2025-03-19,2025-03-19 19:48:00,2025,3,Wednesday,19,35.148705,-89.9071,Fatal,Pedestrian,Not Intersection-On Roadway Not In Crosswalk,Non-Junction,Dark-Lighted,Not Collision with Motor Vehicle in Transport,Pedestrian,1,True,TDOT,SUMMER AVE,Principal Arterial,40.0,7,1,5,3.614957974694347
300965374,2024-07-07,2024-07-07 04:59:00,2024,7,Sunday,4,35.053356,-89.98646,Fatal,Pedestrian,Not Intersection-On Roadway Not In Crosswalk,OtherLocation,Dark-Lighted,Not Collision with Motor Vehicle in Transport,Pedestrian,1,True,City of Memphis,,,,,,,3498.9526883163
300937420,2024-01-24,2024-01-24 20:06:00,2024,1,Wednesday,20,35.21127,-89.923004,Fatal,Pedestrian,Not Intersection-On Roadway Not In Crosswalk,Non-Junction,Dark-Not Lighted,Not Collision with Motor Vehicle in Transport,Pedestrian,1,True,City of Memphis,,,,,,,282.9062749729678
301018662,2025-05-17,2025-05-17 20:00:00,2025,5,Saturday,20,35.106117,-89.98578,Fatal,Pedestrian,Intersection-On Roadway not in Crosswalk,Non-Junction,Dusk,Not Collision with Motor Vehicle in Transport,Pedestrian,1,True,City of Memphis,,,,,,,51.67962385647821
300962531,2024-06-18,2024-06-18 20:43:00,2024,6,Tuesday,20,35.035297,-90.03157,Fatal,Pedestrian,Intersection-On Roadway not in Crosswalk,Non-Junction,Dark-Lighted,Not Collision with Motor Vehicle in Transport,Pedestrian,1,True,City of Memphis,,,,,,,584.4981240138404
301003002,2025-02-20,2025-02-20 21:36:00,2025,2,Thursday,21,35.020798,-89.95201,Fatal,Pedestrian,Intersection-On Roadway not in Crosswalk,Non-Junction,Dark-Lighted,Not Collision with Motor Vehicle in Transport,Pedestrian,1,True,TDOT,E SHELBY DR,Principal Arterial,45.0,7,175,3,2.105047996510579
300977561,2024-09-29,2024-09-29 00:48:00,2024,9,Sunday,0,35.135178,-90.000084,Fatal,Pedestrian,Intersection-On Roadway not in Crosswalk,Crossover-Related,Dark-Lighted,Not Collision with Motor Vehicle in Transport,Pedestrian,1,True,TDOT,UNION AVE,Principal Arterial,35.0,6,23,5,4.998838579112223
300953626,2024-04-24,2024-04-24 23:05:00,2024,4,Wednesday,23,35.177692,-89.93764,Fatal,Pedestrian,Not Intersection-On Roadway Not In Crosswalk,Intersection,Dark-Lighted,Not Collision with Motor Vehicle in Transport,Pedestrian,1,True,TDOT,JACKSON AVE,Principal Arterial,40.0,6,14,7,2.8419500532047715
300991307,2024-12-15,2024-12-15 12:09:00,2024,12,Sunday,12,35.199184,-89.97582,Fatal,Pedestrian,Not Intersection-Adjacent to Roadway,OtherLocation,Daylight,Not Collision with Motor Vehicle in Transport,Pedestrian,1,True,City of Memphis,,,,,,,4199.932091959759
300987969,2024-11-26,2024-11-26 23:19:00,2024,11,Tuesday,23,35.223107,-89.940349,Fatal,Pedestrian,Not Intersection-On Roadway Crosswalk not Available,Non-Junction,Dark-Lighted,"Sideswipe, Same Direction",Other,1,True,City of Memphis,,,,,,,2336.389438678822
300999297,2025-01-31,2025-01-31 19:34:00,2025,1,Friday,19,35.06502,-90.02272,Fatal,Pedestrian,Not Intersection-On Roadway Not In Crosswalk,Intersection,Dark-Lighted,Not Collision with Motor Vehicle in Transport,Pedestrian,1,True,TDOT,ELVIS PRESLEY BLVD,,40.0,4,3,6,1.2059757676319993
301001337,2025-02-12,2025-02-12 19:21:00,2025,2,Wednesday,19,35.021038,-89.98985,Fatal,Pedestrian,Not Intersection-On Roadway Not In Crosswalk,AccelDecelLane,Dark-Lighted,Not Collision with Motor Vehicle in Transport,Pedestrian,1,True,TDOT,E SHELBY DR,Principal Arterial,40.0,7,175,3,5.414436759214895
300872985,2023-03-12,2023-03-12 22:50:00,2023,3,Sunday,22,35.173855,-89.97571,Fatal,Pedestrian,Not Intersection-On Roadway Crosswalk not Available,Non-Junction,Dark-Lighted,Not Collision with Motor Vehicle in Transport,Pedestrian,1,True,City of Memphis,,,,,,,1759.7795088249961
300928926,2023-12-10,2023-12-10 05:09:00,2023,12,Sunday,5,35.143723,-89.87304,Fatal,Pedestrian,Not Intersection-On Roadway Crosswalk not Available,Non-Junction,Dark-Lighted,Not Collision with Motor Vehicle in Transport,Pedestrian,1,True,City of Memphis,,,,,,,1399.4359878117414
300895366,2023-06-26,2023-06-26 22:01:00,2023,6,Monday,22,35.08891,-90.02559,Fatal,Pedestrian,Not Intersection-On Roadway Crosswalk not Available,Non-Junction,Dark-Lighted,Not Collision with Motor Vehicle in Transport,Pedestrian,1,True,City of Memphis,,,,,,,664.4931546114075
300970306,2024-08-12,2024-08-12 23:05:00,2024,8,Monday,23,35.13782,-90.02203,Fatal,Pedestrian,Intersection-On Roadway Crosswalk Not Available,Intersection,Dark-Not Lighted,Not Collision with Motor Vehicle in Transport,Pedestrian,1,True,City of Memphis,,,,,,,44.13132129988332
301000444,2025-02-08,2025-02-08 18:30:00,2025,2,Saturday,18,35.146454,-89.96133,Fatal,Pedestrian,Not Intersection-On Roadway Not In Crosswalk,Non-Junction,Dark-Lighted,Not Collision with Motor Vehicle in Transport,Pedestrian,1,True,City of Memphis,,,,,,,343.1509525461206
300961034,2024-06-08,2024-06-08 03:16:00,2024,6,Saturday,3,35.101815,-89.87006,Fatal,Pedestrian,Not Intersection-On Roadway Crosswalk not Available,Entrance/Exit Ramp Related,Dark-Lighted,Not Collision with Motor Vehicle in Transport,Pedestrian,1,True,TDOT,POPLAR AVE,Principal Arterial,40.0,3,57,2,4.562143451354431
301013612,2025-04-21,2025-04-21 21:06:00,2025,4,Monday,21,35.199146,-89.839071,Fatal,Pedestrian,Not Intersection-On Roadway Not In Crosswalk,Non-Junction,Dark-Lighted,Not Collision with Motor Vehicle in Transport,Pedestrian,1,True,City of Memphis,,,,,,,855.9234436570605
301034170,2025-08-16,2025-08-16 16:34:00,2025,8,Saturday,16,35.10771,-89.97426,Possible Injury,Pedestrian,Not Intersection-On Roadway Crosswalk Availability Unknown,Non-Junction,Daylight,Not Collision with Motor Vehicle in Transport,Pedestrian,1,True,City of Memphis,,,,,,,834.2861085894409
301033024,2025-08-09,2025-08-09 21:00:00,2025,8,Saturday,21,35.15796,-89.97498,Suspected Serious Injury,Pedestrian,Not Intersection-On Roadway Not In Crosswalk,Non-Junction,Dark-Lighted,Not Collision with Motor Vehicle in Transport,Pedestrian,1,True,TDOT,JACKSON AVE,Principal Arterial,40.0,5,14,7,4.556386682384061
301038704,2025-09-10,2025-09-10 23:51:00,2025,9,Wednesday,23,35.020397,-89.84869,Suspected Serious Injury,Pedestrian,Intersection-On Roadway not in Crosswalk,Non-Junction,Dark-Not Lighted,Not Collision with Motor Vehicle in Transport,Pedestrian,1,True,TDOT,E SHELBY DR,Principal Arterial,45.0,7,175,3,4.912424048362988
301037335,2025-09-03,2025-09-03 14:15:00,2025,9,Wednesday,14,35.098927,-89.97895,Possible Injury,Pedestrian,Intersection-Unknown,Non-Junction,Daylight,Not Collision with Motor Vehicle in Transport,Pedestrian,1,True,City of Memphis,,,,,,,218.13090193059617
301037336,2025-09-02,2025-09-02 13:00:00,2025,9,Tuesday,13,35.086872,-89.96323,Possible Injury,Pedestrian,Not Intersection-On Roadway Not In Crosswalk,Non-Junction,Daylight,Not Collision with Motor Vehicle in Transport,Pedestrian,1,True,TDOT,LAMAR AVE,Principal Arterial,40.0,5,4,4,2.724683999822977
301037654,2025-09-04,2025-09-04 15:30:00,2025,9,Thursday,15,35.21724,-89.99357,Possible Injury,Pedestrian,Intersection-On Roadway not in Crosswalk,Intersection,Daylight,Not Collision with Motor Vehicle in Transport,Pedestrian,2,True,City of Memphis,,,,,,,2736.384943577855
301036535,2025-08-28,2025-08-28 19:50:00,2025,8,Thursday,19,35.162021,-89.917347,Suspected Minor Injury,Pedestrian,Intersection-On Roadway not in Crosswalk,Intersection-Related,Dark-Lighted,Not Collision with Motor Vehicle in Transport,Pedestrian,1,True,City of Memphis,,,,,,,1449.3916515835845
301036539,2025-08-29,2025-08-29 14:28:00,2025,8,Friday,14,35.035427,-90.00755,Suspected Serious Injury,Pedestrian,Intersection-In Crosswalk,Intersection,Daylight,Not Collision with Motor Vehicle in Transport,Pedestrian,1,True,City of Memphis,,,,,,,1593.1405646887663
301033599,2025-08-12,2025-08-12 10:10:00,2025,8,Tuesday,10,35.345062,-89.90613,Possible Injury,Pedestrian,Intersection-In Crosswalk,Intersection,Daylight,Not Collision with Motor Vehicle in Transport,Pedestrian,1,False,Suburban-Shelby,,,,,,,
301036020,2025-08-26,2025-08-26 23:41:00,2025,8,Tuesday,23,35.086807,-89.93405,Suspected Serious Injury,Pedestrian,Not Intersection-On Roadway Not In Crosswalk,Intersection-Related,Dark-Lighted,Not Collision with Motor Vehicle in Transport,Pedestrian,1,True,City of Memphis,,,,,,,745.1111497387392
301038526,2025-09-09,2025-09-09 23:18:00,2025,9,Tuesday,23,35.217155,-89.98451,Possible Injury,Pedestrian,Not Intersection-On Roadway Not In Crosswalk,AccelDecelLane,Dark-Lighted,Not Collision with Motor Vehicle in Transport,Pedestrian,1,True,City of Memphis,,,,,,,3417.350513889954
301039213,2025-09-13,2025-09-13 23:26:00,2025,9,Saturday,23,35.064995,-89.90531,Possible Injury,Pedestrian,Not Intersection-On Roadway Crosswalk not Available,Non-Junction,Dark-Lighted,Not Collision with Motor Vehicle in Transport,Pedestrian,1,True,City of Memphis,,,,,,,2375.8331966632754
301036285,2025-08-27,2025-08-27 22:00:00,2025,8,Wednesday,22,35.16249,-90.01069,Possible Injury,Pedestrian,Intersection-On Roadway Crosswalk Not Available,Intersection,Dark-Lighted,Not Collision with Motor Vehicle in Transport,Pedestrian,1,True,City of Memphis,,,,,,,443.90448975462954
301035802,2025-08-25,2025-08-25 21:01:00,2025,8,Monday,21,35.14348,-90.01052,Suspected Serious Injury,Pedestrian,Intersection-In Crosswalk,Intersection,Dark-Lighted,Not Collision with Motor Vehicle in Transport,Pedestrian,1,True,City of Memphis,,,,,,,794.2746198930608
301036720,2025-08-31,2025-08-31 00:00:00,2025,8,Sunday,99,35.139866,-90.04583,Suspected Serious Injury,Pedestrian,Intersection-Unknown,Intersection,Dark-Not Lighted,Not Collision with Motor Vehicle in Transport,Pedestrian,1,True,TDOT,S DANNY THOMAS BLVD,Principal Arterial,35.0,2,1,6,0.7470468604132207
300971008,2024-08-17,2024-08-17 22:03:00,2024,8,Saturday,22,35.091835,-89.908585,Suspected Serious Injury,Pedestrian,Intersection-On Roadway not in Crosswalk,Non-Junction,Dark-Lighted,Not Collision with Motor Vehicle in Transport,Pedestrian,1,True,City of Memphis,,,,,,,2424.68003526541
301035593,2025-08-24,2025-08-24 14:50:00,2025,8,Sunday,14,35.069164,-89.93214,Suspected Minor Injury,Pedestrian,Intersection-Not on Roadway,AccelDecelLane,Daylight,Not Collision with Motor Vehicle in Transport,Pedestrian,1,True,TDOT,GETWELL RD,Principal Arterial,40.0,7,176,4,0.4551115591263445
301039474,2025-09-14,2025-09-14 19:34:00,2025,9,Sunday,19,35.066723,-89.843605,Suspected Serious Injury,Pedestrian,Not Intersection-Unknown,Non-Junction,Dark-Lighted,Unknown,Other,1,True,TDOT,STATE ROUTE 385,Freeway and Expressway,65.0,3,NONCONNAH PKWY,2,3.9915840689481814
301039253,2025-09-14,2025-09-14 08:28:00,2025,9,Sunday,8,35.128185,-90.02065,Possible Injury,Pedestrian,Not Intersection-Outside Traffic,Non-Junction,Daylight,Not Collision with Motor Vehicle in Transport,Pedestrian,1,True,City of Memphis,,,,,,,30.72740597491522
301035241,2025-08-22,2025-08-22 10:38:00,2025,8,Friday,10,35.107265,-90.03995,Suspected Serious Injury,Pedestrian,Not Intersection-On Roadway Not In Crosswalk,Intersection-Related,Daylight,Not Collision with Motor Vehicle in Transport,Pedestrian,1,True,City of Memphis,,,,,,,1402.9217691469594
301035434,2025-08-23,2025-08-23 18:20:00,2025,8,Saturday,18,35.11944,-89.90809,Possible Injury,Pedestrian,Intersection-In Crosswalk,Intersection,Daylight,Not Collision with Motor Vehicle in Transport,Pedestrian,1,True,City of Memphis,,,,,,,265.6400222210493
301037973,2025-09-06,2025-09-06 19:54:00,2025,9,Saturday,19,35.03558,-90.007515,Suspected Serious Injury,Pedestrian,Intersection-In Crosswalk,Intersection,Dark-Lighted,Not Collision with Motor Vehicle in Transport,Pedestrian,1,True,City of Memphis,,,,,,,1610.1150033923598
300980509,2024-10-17,2024-10-17 09:43:00,2024,10,Thursday,9,35.114505,-89.902893,Fatal,Pedestrian,Intersection-In Crosswalk,Intersection,Daylight,Not Collision with Motor Vehicle in Transport,Pedestrian,1,True,City of Memphis,,,,,,,33.41056102570867
301038869,2025-09-12,2025-09-12 00:22:00,2025,9,Friday,0,35.20825,-90.00381,Possible Injury,Pedestrian,Not Intersection-On Roadway Not In Crosswalk,Non-Junction,Dark-Lighted,Not Collision with Motor Vehicle in Transport,Pedestrian,1,True,City of Memphis,,,,,,,2539.4347316623484
301038388,2025-09-08,2025-09-08 11:45:00,2025,9,Monday,11,35.106586,-89.89542,Possible Injury,Pedestrian,Intersection-In Crosswalk,Intersection-Related,Daylight,Not Collision with Motor Vehicle in Transport,Pedestrian,1,True,City of Memphis,,,,,,,589.6945051060169
301039120,2025-09-12,2025-09-12 23:15:00,2025,9,Friday,23,35.071957,-90.058495,Possible Injury,Pedestrian,Not Intersection-Unknown,AccelDecelLane,Dark-Not Lighted,Not Collision with Motor Vehicle in Transport,Pedestrian,1,True,TDOT,S THIRD ST,Principal Arterial,45.0,7,14,6,18.038743398136862
301037797,2025-09-05,2025-09-05 15:25:00,2025,9,Friday,15,35.199127,-89.9446,Possible Injury,Pedestrian,Intersection-In Crosswalk,Intersection,Daylight,Not Collision with Motor Vehicle in Transport,Pedestrian,1,True,City of Memphis,,,,,,,1779.5691499464658
301037388,2025-09-03,2025-09-03 15:35:00,2025,9,Wednesday,15,35.2081,-89.97567,Possible Injury,Pedestrian,Intersection-In Crosswalk,Intersection,Daylight,Not Collision with Motor Vehicle in Transport,Pedestrian,1,True,City of Memphis,,,,,,,4653.263031544003
300996345,2025-01-14,2025-01-14 01:05:00,2025,1,Tuesday,1,35.123558,-89.86841,Suspected Serious Injury,Pedestrian,Not Intersection-On Roadway Crosswalk not Available,Non-Junction,Dark-Lighted,Front to Rear,Other,2,True,City of Memphis,,,,,,,826.4338425234458
301035290,2025-08-18,2025-08-18 14:32:00,2025,8,Monday,14,35.148895,-90.04847,Unknown,Other Non-Motorist,Intersection-Unknown,OtherLocation,Daylight,Not Collision with Motor Vehicle in Transport,Other,1,True,TDOT,N THIRD ST,Minor Arterial,35.0,3,3,6,9.448117389995783
301035667,2025-08-25,2025-08-25 07:35:00,2025,8,Monday,7,35.08577,-89.9109,Possible Injury,Pedestrian,Intersection-On Roadway Crosswalk Not Available,Intersection,Daylight,Not Collision with Motor Vehicle in Transport,Pedestrian,2,True,City of Memphis,,,,,,,1951.0915136021013
301038185,2025-09-08,2025-09-08 05:30:00,2025,9,Monday,5,35.05026,-89.87318,No Injury,Pedestrian,Unknown,Through Roadway,Dark-Lighted,Other,Other,1,True,City of Memphis,,,,,,,2829.0808640840023
301035093,2025-08-21,2025-08-21 12:00:00,2025,8,Thursday,12,35.1602,-90.03969,No Injury,Pedestrian,Not Intersection-Other Not On Roadway,Intersection,Daylight,Not Collision with Motor Vehicle in Transport,Other,1,True,City of Memphis,,,,,,,264.86289815066084
301038688,2025-09-10,2025-09-10 13:30:00,2025,9,Wednesday,13,35.19589,-89.80971,Possible Injury,Pedestrian,Intersection-In Crosswalk,Intersection,Daylight,Not Collision with Motor Vehicle in Transport,Pedestrian,1,True,City of Memphis,,,,,,,974.647620950297
301037265,2025-09-03,2025-09-03 05:40:00,2025,9,Wednesday,5,35.12847,-89.87194,No Injury,Pedestrian,Not Intersection-Other Not On Roadway,"Driveway, Alley Access, etc",Dawn,Not Collision with Motor Vehicle in Transport,Other,1,True,City of Memphis,,,,,,,290.26117287959715
301037269,2025-08-30,2025-08-30 00:00:00,2025,8,Saturday,99,35.020878,-90.02629,Suspected Serious Injury,Pedestrian,Not Intersection-In Crosswalk,AccelDecelLane,Unknown,Not Collision with Motor Vehicle in Transport,Pedestrian,1,True,TDOT,E SHELBY DR,Minor Arterial,45.0,5,175,6,13.080495531397961
301036428,2025-08-15,2025-08-15 04:45:00,2025,8,Friday,4,35.223057,-89.734023,Suspected Serious Injury,Pedestrian,Intersection-On Roadway Crosswalk Not Available,Non-Junction,Daylight,Not Collision with Motor Vehicle in Transport,Pedestrian,1,False,Suburban-Shelby,,,,,,,
301035706,2025-08-25,2025-08-25 08:55:00,2025,8,Monday,8,35.125347,-90.05519,Suspected Minor Injury,Pedestrian,Not Intersection-Outside Traffic,Intersection-Related,Daylight,Not Collision with Motor Vehicle in Transport,Other,1,True,TDOT,S THIRD ST,Minor Arterial,35.0,5,14,6,26.74802876781674
301038931,2025-09-11,2025-09-11 06:37:00,2025,9,Thursday,6,35.06899,-89.96371,Possible Injury,Pedestrian,Intersection-In Crosswalk,Intersection,Dawn,Not Collision with Motor Vehicle in Transport,Pedestrian,1,True,City of Memphis,,,,,,,1409.2061557771303
301036456,2025-08-29,2025-08-29 07:40:00,2025,8,Friday,7,35.016445,-89.989845,Possible Injury,Pedestrian,Intersection-Not on Roadway,Intersection,Daylight,Not Collision with Motor Vehicle in Transport,Pedestrian,1,True,City of Memphis,,,,,,,514.9544779339383
301029586,2025-07-17,2025-07-17 00:16:00,2025,7,Thursday,0,35.152752,-89.951546,Suspected Serious Injury,Pedestrian,Not Intersection-On Roadway Not In Crosswalk,Non-Junction,Dark-Lighted,Not Collision with Motor Vehicle in Transport,Pedestrian,1,True,City of Memphis,,,,,,,371.71108535529555
301038500,2025-09-08,2025-09-08 16:00:00,2025,9,Monday,16,35.165207,-89.861404,Possible Injury,Pedestrian,Intersection-On Roadway Crosswalk Not Available,AccelDecelLane,Daylight,Not Collision with Motor Vehicle in Transport,Pedestrian,1,True,City of Memphis,,,,,,,978.0344499987581
301042568,2025-10-02,2025-10-02 11:30:00,2025,10,Thursday,11,35.13921,-90.019516,Possible Injury,Pedestrian,Intersection-On Roadway Crosswalk availability Unknown,Intersection-Related,Daylight,Not Collision with Motor Vehicle in Transport,Pedestrian,1,True,City of Memphis,,,,,,,224.77829187762802