MstrRecNbrTxt,CollisionDate,CollisionDteTime,YearNmb,Month,DayOfWeek,Hour,Latitude,Longitude,InjuryClass,PersonType,NonMotoristLocation,RelationToJunction,LightCondition,MannerOfCollision,FirstHarmfulEvent,VictimsInCrash,InMemphis,Jurisdiction,StateRoute_NAME,StateRoute_F_System,StateRoute_SPDLIMIT,StateRoute_LANES,StateRoute_ALTNAME_1,StateRoute_Council_District,DistToStateRoute_m
301044910,2025-10-16,2025-10-16 18:51:00,2025,10,Thursday,18,35.11567,-89.971756,Possible Injury,Pedestrian,Intersection-Not on Roadway,Intersection,Dawn,Angle,Other,1,True,City of Memphis,,,,,,,1160.4270258152897
301043683,2025-09-08,2025-09-08 10:22:00,2025,9,Monday,10,35.00638,-90.025276,Suspected Minor Injury,Pedestrian,Intersection-In Crosswalk,Intersection,Daylight,Not Collision with Motor Vehicle in Transport,Pedestrian,1,True,TDOT,ELVIS PRESLEY BLVD,Principal Arterial,40.0,5,3,3,0.32729900568773773
301041612,2025-09-25,2025-09-25 18:00:00,2025,9,Thursday,18,35.11603,-89.9412,Suspected Minor Injury,Pedestrian,Intersection-Unknown,Intersection,Daylight,Not Collision with Motor Vehicle in Transport,Pedestrian,1,True,City of Memphis,,,,,,,1176.8374166005167
300979829,2024-10-14,2024-10-14 00:32:00,2024,10,Monday,0,35.17534,-89.83642,Fatal,Pedestrian,Intersection-On Roadway not in Crosswalk,Non-Junction,Dark-Not Lighted,Front to Rear,Other,1,True,City of Memphis,,,,,,,2005.1337079199047
301041423,2025-09-26,2025-09-26 14:00:00,2025,9,Friday,14,35.027298,-90.02953,Possible Injury,Pedestrian,Not Intersection-On Roadway Crosswalk not Available,Unknown,Daylight,Not Collision with Motor Vehicle in Transport,Pedestrian,1,True,City of Memphis,,,,,,,396.057492659055
301041424,2025-09-26,2025-09-26 08:34:00,2025,9,Friday,8,35.11543,-90.02773,Fatal,Pedestrian,Not Intersection-On Roadway Not In Crosswalk,Non-Junction,Daylight,Not Collision with Motor Vehicle in Transport,Pedestrian,1,True,City of Memphis,,,,,,,553.894085478226
301045294,2025-10-18,2025-10-18 20:19:00,2025,10,Saturday,20,35.106754,-90.02136,Possible Injury,Pedestrian,Intersection-Unknown,Intersection-Related,Dark-Not Lighted,Not Collision with Motor Vehicle in Transport,Pedestrian,1,True,TDOT,ELVIS PRESLEY BLVD,Minor Arterial,40.0,4,3,4,19.35026807373949
301043008,2025-10-04,2025-10-04 14:35:00,2025,10,Saturday,14,35.146854,-90.05074,Possible Injury,Pedestrian,Intersection-In Crosswalk,Intersection-Related,Daylight,Not Collision with Motor Vehicle in Transport,Pedestrian,1,True,TDOT,N SECOND ST,Minor Arterial,35.0,2,3,6,2.193010750729392
301040344,2025-09-20,2025-09-20 05:28:00,2025,9,Saturday,5,35.05225,-89.95168,Possible Injury,Pedestrian,Not Intersection-On Roadway Not In Crosswalk,Intersection-Related,Dark-Not Lighted,Not Collision with Motor Vehicle in Transport,Pedestrian,1,True,City of Memphis,,,,,,,1608.6097467407722
301041181,2025-09-24,2025-09-24 12:17:00,2025,9,Wednesday,12,35.149208,-90.051216,Possible Injury,Pedestrian,Not Intersection-On Roadway Crosswalk not Available,Non-Junction,Daylight,Angle,Other,1,True,City of Memphis,,,,,,,121.00815732873208
301044731,2025-10-15,2025-10-15 15:00:00,2025,10,Wednesday,15,35.177223,-89.772156,Possible Injury,Pedestrian,Intersection-In Crosswalk,Intersection,Daylight,Not Collision with Motor Vehicle in Transport,Pedestrian,1,True,City of Memphis,,,,,,,1895.0852861941553
301009099,2025-03-28,2025-03-28 20:21:00,2025,3,Friday,20,35.051848,-89.950757,Fatal,Pedestrian,Not Intersection-On Roadway Not In Crosswalk,AccelDecelLane,Dark-Not Lighted,Not Collision with Motor Vehicle in Transport,Pedestrian,1,True,City of Memphis,,,,,,,1527.1373095248941
301040976,2025-09-23,2025-09-23 15:23:00,2025,9,Tuesday,15,35.144268,-90.0191,Possible Injury,Pedestrian,Not Intersection-On Roadway Not In Crosswalk,Non-Junction,Daylight,Not Collision with Motor Vehicle in Transport,Pedestrian,1,True,City of Memphis,,,,,,,786.4388911869273
301042873,2025-10-03,2025-10-03 16:30:00,2025,10,Friday,16,35.15542,-90.03106,Possible Injury,Pedestrian,Intersection-On Roadway not in Crosswalk,Intersection,Daylight,Not Collision with Motor Vehicle in Transport,Other,1,True,TDOT,N PARKWAY,Minor Arterial,40.0,2,1,7,4.204519428126568
301043778,2025-10-09,2025-10-09 09:05:00,2025,10,Thursday,9,35.20177,-89.73099,Suspected Minor Injury,Pedestrian,Not Intersection-Outside Traffic,Intersection,Daylight,Not Collision with Motor Vehicle in Transport,Pedestrian,1,True,City of Memphis,,,,,,,453.3135650318636
301040384,2025-09-19,2025-09-19 14:51:00,2025,9,Friday,14,35.107742,-89.94052,Suspected Serious Injury,Pedestrian,Intersection-In Crosswalk,Intersection,Daylight,Not Collision with Motor Vehicle in Transport,Pedestrian,1,True,City of Memphis,,,,,,,2052.6458342245955
301041867,2025-09-29,2025-09-29 08:05:00,2025,9,Monday,8,35.106373,-90.05563,Possible Injury,Pedestrian,Not Intersection-On Roadway Crosswalk not Available,Non-Junction,Daylight,Not Collision with Motor Vehicle in Transport,Pedestrian,1,True,TDOT,S THIRD ST,Principal Arterial,40.0,4,14,6,23.14763077746833
301040183,2025-09-17,2025-09-17 16:30:00,2025,9,Wednesday,16,35.052525,-89.89914,Suspected Serious Injury,Pedestrian,Intersection-In Crosswalk,Intersection-Related,Daylight,Not Collision with Motor Vehicle in Transport,Pedestrian,1,True,City of Memphis,,,,,,,2042.9670857954225
301041664,2025-09-28,2025-09-28 05:25:00,2025,9,Sunday,5,35.04951,-89.843796,Suspected Serious Injury,Pedestrian,Intersection-On Roadway not in Crosswalk,Unknown,Dark-Lighted,Not Collision with Motor Vehicle in Transport,Pedestrian,1,True,City of Memphis,,,,,,,1280.4231028394186
301044563,2025-10-14,2025-10-14 14:55:00,2025,10,Tuesday,14,35.211857,-90.03222,Possible Injury,Pedestrian,Not Intersection-Other Not On Roadway,OtherLocation,Daylight,"Sideswipe, Opposite Direction",Other,1,True,TDOT,THOMAS ST,,40.0,2,3,7,1.0285046046454507
301041549,2025-09-27,2025-09-27 08:00:00,2025,9,Saturday,8,35.10576,-89.96588,Possible Injury,Pedestrian,Intersection-On Roadway Crosswalk availability Unknown,Non-Junction,Daylight,Not Collision with Motor Vehicle in Transport,Pedestrian,1,True,City of Memphis,,,,,,,1072.2631446070257
301044028,2025-10-10,2025-10-10 17:40:00,2025,10,Friday,17,35.238167,-89.93071,Possible Injury,Pedestrian,Intersection-Unknown,AccelDecelLane,Daylight,Not Collision with Motor Vehicle in Transport,Pedestrian,1,True,City of Memphis,,,,,,,2709.7926375979814
301043341,2025-10-07,2025-10-07 06:50:00,2025,10,Tuesday,6,35.03771,-90.034676,Possible Injury,Pedestrian,Not Intersection-On Roadway Crosswalk not Available,Non-Junction,Dark-Lighted,Not Collision with Motor Vehicle in Transport,Pedestrian,1,True,City of Memphis,,,,,,,868.8472993994704
301040416,2025-09-20,2025-09-20 15:50:00,2025,9,Saturday,15,35.128716,-90.02107,Suspected Serious Injury,Pedestrian,Intersection-In Crosswalk,Intersection,Daylight,Not Collision with Motor Vehicle in Transport,Pedestrian,1,True,TDOT,S BELLEVUE BLVD,Minor Arterial,35.0,4,3,6,0.7494499111183989
301041927,2025-09-29,2025-09-29 17:57:00,2025,9,Monday,17,35.1495,-89.95806,Possible Injury,Pedestrian,Intersection-Not on Roadway,OtherLocation,Daylight,Not Collision with Motor Vehicle in Transport,Pedestrian,1,True,TDOT,SUMMER AVE,Principal Arterial,35.0,5,1,5,1.8559572984471733
301043079,2025-10-05,2025-10-05 04:20:00,2025,10,Sunday,4,35.034657,-89.82265,No Injury,Pedestrian,Unknown,Through Roadway,Dark-Lighted,Not Collision with Motor Vehicle in Transport,Other,4,True,City of Memphis,,,,,,,1622.1717322948932
301036595,2025-08-29,2025-08-29 20:39:00,2025,8,Friday,20,35.06132,-90.029419,Fatal,Pedestrian,Intersection-On Roadway not in Crosswalk,Non-Junction,Dark-Not Lighted,Not Collision with Motor Vehicle in Transport,Pedestrian,1,True,City of Memphis,,,,,,,516.7199710751071
301040020,2025-09-17,2025-09-17 21:28:00,2025,9,Wednesday,21,35.15216,-89.9513,Possible Injury,Pedestrian,Not Intersection-Bike Path,Non-Junction,Dark-Lighted,Not Collision with Motor Vehicle in Transport,Pedestrian,1,True,City of Memphis,,,,,,,305.6768823863827
301043431,2025-10-07,2025-10-07 08:02:00,2025,10,Tuesday,8,35.07825,-89.9936,Possible Injury,Pedestrian,Not Intersection-Outside Traffic,Non-Junction,Daylight,Not Collision with Motor Vehicle in Transport,Pedestrian,1,True,City of Memphis,,,,,,,2323.666678701968
301040912,2025-09-18,2025-09-18 07:32:00,2025,9,Thursday,7,35.226534,-89.846818,Suspected Serious Injury,Pedestrian,Intersection-In Crosswalk,Intersection-Related,Daylight,Not Collision with Motor Vehicle in Transport,Pedestrian,1,False,Suburban-Shelby,,,,,,,
301041355,2025-09-23,2025-09-23 15:07:00,2025,9,Tuesday,15,35.34266,-89.910934,No Injury,Pedestrian,Unknown,Non-Junction,Daylight,Unknown,Other,2,False,Suburban-Shelby,,,,,,,
301040476,2025-09-20,2025-09-20 08:05:00,2025,9,Saturday,8,35.16808,-89.93954,No Injury,Pedestrian,Not Intersection-Other Not On Roadway,Intersection,Daylight,Not Collision with Motor Vehicle in Transport,Other,1,True,City of Memphis,,,,,,,550.1395581038408
301040919,2025-09-23,2025-09-23 17:05:00,2025,9,Tuesday,17,35.09142,-89.906944,No Injury,Pedestrian,Intersection-In Crosswalk,Intersection,Daylight,Not Collision with Motor Vehicle in Transport,Pedestrian,1,True,City of Memphis,,,,,,,2531.3498951345396
301023291,2025-06-14,2025-06-14 05:15:00,2025,6,Saturday,5,35.10749,-89.930664,Fatal,Pedestrian,Not Intersection-On Roadway Not In Crosswalk,Non-Junction,Dark-Lighted,Not Collision with Motor Vehicle in Transport,Pedestrian,1,True,City of Memphis,,,,,,,1857.8450042654702
301046014,2025-10-23,2025-10-23 09:25:00,2025,10,Thursday,9,35.177326,-89.93802,Suspected Minor Injury,Pedestrian,Intersection-On Roadway not in Crosswalk,Intersection,Daylight,Not Collision with Motor Vehicle in Transport,Pedestrian,1,True,TDOT,JACKSON AVE,Principal Arterial,40.0,6,14,7,3.1061729446216577
301045971,2025-10-17,2025-10-17 18:30:00,2025,10,Friday,18,35.138756,-90.03589,Possible Injury,Pedestrian,Intersection-In Crosswalk,Intersection,Dark-Lighted,Not Collision with Motor Vehicle in Transport,Pedestrian,1,True,TDOT,UNION AVE,Principal Arterial,35.0,5,3,6,4.756497215816589
301045897,2025-10-22,2025-10-22 19:28:00,2025,10,Wednesday,19,35.006374,-90.00265,No Injury,Pedestrian,Not Intersection-Other Not On Roadway,AccelDecelLane,Dark-Lighted,Other,Other,2,True,City of Memphis,,,,,,,1630.1982347992077
301045998,2025-10-21,2025-10-21 15:20:00,2025,10,Tuesday,15,35.199173,-89.94291,Possible Injury,Pedestrian,Not Intersection-On Roadway Crosswalk not Available,Intersection-Related,Daylight,Not Collision with Motor Vehicle in Transport,Pedestrian,1,True,City of Memphis,,,,,,,1630.0299942078664
301046096,2025-10-21,2025-10-21 13:05:00,2025,10,Tuesday,13,35.169518,-89.97556,Possible Injury,Pedestrian,Intersection-On Roadway not in Crosswalk,Intersection,Daylight,Not Collision with Motor Vehicle in Transport,Pedestrian,1,True,City of Memphis,,,,,,,1278.4483554440867
301049595,2025-11-07,2025-11-07 18:45:00,2025,11,Friday,18,35.182797,-89.871076,Possible Injury,Pedestrian,Intersection-In Crosswalk,Intersection,Dark-Lighted,Not Collision with Motor Vehicle in Transport,Pedestrian,1,True,City of Memphis,,,,,,,949.2899377645093
301049242,2025-11-08,2025-11-08 18:45:00,2025,11,Saturday,18,35.16192,-89.91128,Suspected Serious Injury,Pedestrian,Not Intersection-On Roadway Crosswalk Availability Unknown,Non-Junction,Dark-Lighted,Not Collision with Motor Vehicle in Transport,Pedestrian,1,True,City of Memphis,,,,,,,1146.1570188591038
301048242,2025-11-03,2025-11-03 16:19:00,2025,11,Monday,16,35.149467,-89.94452,Suspected Serious Injury,Pedestrian,Not Intersection-On Roadway Not In Crosswalk,Intersection,Daylight,Not Collision with Motor Vehicle in Transport,Pedestrian,1,True,TDOT,SUMMER AVE,Principal Arterial,40.0,7,1,5,4.627535045821193
301034346,2025-08-17,2025-08-17 22:57:00,2025,8,Sunday,22,35.076591,-89.951198,Fatal,Pedestrian,Not Intersection-On Roadway Not In Crosswalk,Non-Junction,Dark-Lighted,Not Collision with Motor Vehicle in Transport,Pedestrian,1,True,TDOT,LAMAR AVE,Principal Arterial,40.0,7,4,4,3.632508571363938
301035572,2025-08-23,2025-08-23 23:23:00,2025,8,Saturday,23,35.091473,-89.949425,Fatal,Pedestrian,Not Intersection-On Roadway Not In Crosswalk,Non-Junction,Dark-Lighted,Front to Rear,Other,1,True,City of Memphis,,,,,,,1267.669577651367
301050826,2025-11-16,2025-11-16 16:30:00,2025,11,Sunday,16,35.1069,-90.02119,Suspected Serious Injury,Pedestrian,Intersection-On Roadway not in Crosswalk,Intersection,Daylight,Not Collision with Motor Vehicle in Transport,Pedestrian,1,True,TDOT,ELVIS PRESLEY BLVD,Minor Arterial,40.0,4,3,4,1.141694593306949
301048285,2025-11-03,2025-11-03 12:00:00,2025,11,Monday,12,35.148865,-90.04574,Possible Injury,Pedestrian,Not Intersection-On Roadway Crosswalk not Available,Non-Junction,Daylight,Not Collision with Motor Vehicle in Transport,Pedestrian,1,True,City of Memphis,,,,,,,207.89130928770678
301049889,2025-11-12,2025-11-12 15:51:00,2025,11,Wednesday,15,35.135986,-90.0207,Possible Injury,Pedestrian,Intersection-In Crosswalk,Intersection,Daylight,Not Collision with Motor Vehicle in Transport,Pedestrian,1,True,TDOT,S BELLEVUE BLVD,Major Collector,35.0,4,3,6,0.48018310111553564
301047258,2025-10-29,2025-10-29 15:30:00,2025,10,Wednesday,15,35.13248,-90.01326,Possible Injury,Pedestrian,Intersection-In Crosswalk,Intersection,Daylight,Not Collision with Motor Vehicle in Transport,Other,1,True,City of Memphis,,,,,,,447.19837869933457
300980527,2024-10-14,2024-10-14 05:07:00,2024,10,Monday,5,35.136784,-90.04561,Fatal,Pedestrian,Not Intersection-On Roadway Not In Crosswalk,Unknown,Dark-Lighted,Unknown,Other,1,True,TDOT,DR MARTIN LUTHER KING JR AVE,Minor Arterial,35.0,2,208,6,5.043685059271308
300990914,2024-12-13,2024-12-13 08:18:00,2024,12,Friday,8,35.116175,-90.060941,Fatal,Pedestrian,Intersection-On Roadway not in Crosswalk,Intersection,Daylight,Not Collision with Motor Vehicle in Transport,Pedestrian,1,True,City of Memphis,,,,,,,521.6936250086578
301049708,2025-11-11,2025-11-11 17:51:00,2025,11,Tuesday,17,35.062656,-89.904495,Possible Injury,Pedestrian,Intersection-On Roadway not in Crosswalk,Non-Junction,Dark-Lighted,Not Collision with Motor Vehicle in Transport,Pedestrian,1,True,City of Memphis,,,,,,,2236.9060763310704
301050264,2025-11-14,2025-11-14 14:03:00,2025,11,Friday,14,35.139484,-90.05103,Suspected Minor Injury,Pedestrian,Not Intersection-On Roadway Crosswalk not Available,Non-Junction,Daylight,Not Collision with Motor Vehicle in Transport,Pedestrian,1,True,City of Memphis,,,,,,,75.82993527703016
300972137,2024-08-24,2024-08-24 01:00:00,2024,8,Saturday,1,35.151814,-90.04047,Fatal,Pedestrian,Not Intersection-On Roadway Not In Crosswalk,Non-Junction,Dark-Lighted,Not Collision with Motor Vehicle in Transport,Pedestrian,1,True,TDOT,N DANNY THOMAS BLVD,Principal Arterial,35.0,5,1,7,1.4394652336138214
301048401,2025-11-04,2025-11-04 09:14:00,2025,11,Tuesday,9,35.137985,-90.028175,Possible Injury,Pedestrian,Intersection-In Crosswalk,Intersection,Daylight,Not Collision with Motor Vehicle in Transport,Pedestrian,1,True,TDOT,UNION AVE,Principal Arterial,35.0,6,3,6,4.528239216543177
300983238,2024-11-02,2024-11-02 23:02:00,2024,11,Saturday,23,35.050297,-89.87499,Fatal,Pedestrian,Intersection-Not on Roadway,Non-Junction,Dark-Lighted,Not Collision with Motor Vehicle in Transport,Pedestrian,1,True,City of Memphis,,,,,,,2918.6298902878225
301047707,2025-10-31,2025-10-31 20:05:00,2025,10,Friday,20,35.049263,-89.856575,Possible Injury,Pedestrian,Intersection-On Roadway not in Crosswalk,Intersection,Dark-Lighted,Not Collision with Motor Vehicle in Transport,Pedestrian,1,True,City of Memphis,,,,,,,2201.683421987338
301046948,2025-10-26,2025-10-26 11:00:00,2025,10,Sunday,11,35.17752,-89.91791,Possible Injury,Pedestrian,Not Intersection-On Roadway Not In Crosswalk,Non-Junction,Daylight,Not Collision with Motor Vehicle in Transport,Pedestrian,1,True,City of Memphis,,,,,,,1474.9637706576457
301046854,2025-10-29,2025-10-29 00:40:00,2025,10,Wednesday,0,35.020817,-89.84946,Possible Injury,Pedestrian,Intersection-In Crosswalk,Intersection,Dark-Lighted,Not Collision with Motor Vehicle in Transport,Pedestrian,1,True,City of Memphis,,,,,,,42.08015651327057
301047066,2025-10-26,2025-10-26 00:40:00,2025,10,Sunday,0,35.02085,-89.96364,Possible Injury,Pedestrian,Not Intersection-On Roadway Not In Crosswalk,Non-Junction,Dark-Lighted,Angle,Other,1,True,TDOT,E SHELBY DR,Principal Arterial,45.0,6,175,3,4.939292727594661
301047141,2025-10-28,2025-10-28 11:50:00,2025,10,Tuesday,11,35.09177,-89.99178,Suspected Minor Injury,Pedestrian,Not Intersection-Unknown,Unknown,Daylight,Not Collision with Motor Vehicle in Transport,Pedestrian,1,True,City of Memphis,,,,,,,1531.8685847038257
301049186,2025-11-08,2025-11-08 10:10:00,2025,11,Saturday,10,35.117653,-90.037735,Possible Injury,Pedestrian,Intersection-On Roadway Crosswalk Not Available,Intersection,Daylight,Not Collision with Motor Vehicle in Transport,Pedestrian,1,True,City of Memphis,,,,,,,783.037097364704
301049136,2025-11-07,2025-11-07 18:38:00,2025,11,Friday,18,35.111393,-89.9459,Fatal,Pedestrian,Intersection-On Roadway not in Crosswalk,Non-Junction,Dark-Lighted,Not Collision with Motor Vehicle in Transport,Pedestrian,1,True,City of Memphis,,,,,,,1781.5055085456233
301049205,2025-11-07,2025-11-07 21:38:00,2025,11,Friday,21,35.14287,-90.05234,Suspected Serious Injury,Pedestrian,Intersection-In Crosswalk,Intersection-Related,Dark-Lighted,Not Collision with Motor Vehicle in Transport,Pedestrian,1,True,TDOT,S SECOND ST,Minor Arterial,35.0,3,14,6,1.2370596699670577
301050734,2025-11-14,2025-11-14 16:39:00,2025,11,Friday,16,35.124313,-89.88987,Suspected Minor Injury,Pedestrian,Intersection-On Roadway not in Crosswalk,Intersection,Daylight,Not Collision with Motor Vehicle in Transport,Pedestrian,1,True,City of Memphis,,,,,,,690.8556931501563
301048196,2025-11-03,2025-11-03 07:00:00,2025,11,Monday,7,35.03538,-90.03478,Possible Injury,Pedestrian,Intersection-In Crosswalk,Intersection,Daylight,Not Collision with Motor Vehicle in Transport,Pedestrian,1,True,City of Memphis,,,,,,,877.4587800155003
301047505,2025-10-29,2025-10-29 18:40:00,2025,10,Wednesday,18,35.156963,-90.03228,Suspected Minor Injury,Pedestrian,Intersection-On Roadway Crosswalk availability Unknown,Intersection,Dark-Not Lighted,Not Collision with Motor Vehicle in Transport,Pedestrian,1,True,TDOT,JACKSON AVE,Principal Arterial,35.0,4,14,7,6.103405584119004
301049590,2025-11-11,2025-11-11 04:15:00,2025,11,Tuesday,4,35.107513,-90.05178,Possible Injury,Pedestrian,Intersection-On Roadway not in Crosswalk,Intersection,Dark-Lighted,Not Collision with Motor Vehicle in Transport,Pedestrian,1,True,City of Memphis,,,,,,,324.02188492390155
301055054,2025-12-10,2025-12-10 12:10:00,2025,12,Wednesday,12,35.20884,-90.023155,Suspected Serious Injury,Pedestrian,Intersection-In Crosswalk,Intersection-Related,Daylight,Not Collision with Motor Vehicle in Transport,Pedestrian,1,True,City of Memphis,,,,,,,870.6858797411127
301053102,2025-11-30,2025-11-30 00:00:00,2025,11,Sunday,99,35.244102,-90.00605,Suspected Serious Injury,Pedestrian,Intersection-On Roadway Crosswalk Not Available,Unknown,Unknown,Not Collision with Motor Vehicle in Transport,Pedestrian,1,True,City of Memphis,,,,,,,101.57246472121548
301054792,2025-12-09,2025-12-09 07:40:00,2025,12,Tuesday,7,35.142853,-90.002884,Possible Injury,Pedestrian,Intersection-In Crosswalk,Intersection,Daylight,Not Collision with Motor Vehicle in Transport,Pedestrian,1,True,City of Memphis,,,,,,,805.8491113900137
301053374,2025-12-01,2025-12-01 17:28:00,2025,12,Monday,17,35.2211,-89.929474,Possible Injury,Pedestrian,Not Intersection-On Roadway Crosswalk not Available,AccelDecelLane,Unknown,Not Collision with Motor Vehicle in Transport,Pedestrian,1,True,City of Memphis,,,,,,,1426.1669706298355
301053116,2025-11-30,2025-11-30 11:40:00,2025,11,Sunday,11,35.091557,-89.94945,Suspected Serious Injury,Pedestrian,Not Intersection-On Roadway Crosswalk not Available,AccelDecelLane,Daylight,Not Collision with Motor Vehicle in Transport,Pedestrian,1,True,City of Memphis,,,,,,,1272.5890606959636
301055942,2025-12-15,2025-12-15 17:58:00,2025,12,Monday,17,35.068726,-89.90512,Possible Injury,Pedestrian,Intersection-On Roadway not in Crosswalk,Intersection,Dark-Not Lighted,Not Collision with Motor Vehicle in Transport,Pedestrian,1,True,City of Memphis,,,,,,,2463.6250388311882
301051885,2025-11-22,2025-11-22 19:39:00,2025,11,Saturday,19,35.026104,-90.00752,Possible Injury,Pedestrian,Not Intersection-On Roadway Crosswalk not Available,Non-Junction,Dark-Lighted,Not Collision with Motor Vehicle in Transport,Pedestrian,1,True,City of Memphis,,,,,,,558.7885860595349
301054838,2025-12-09,2025-12-09 10:44:00,2025,12,Tuesday,10,35.217407,-89.90965,Unknown,Pedestrian,Intersection-Unknown,Intersection-Related,Daylight,Not Collision with Motor Vehicle in Transport,Pedestrian,1,True,City of Memphis,,,,,,,231.78322581514493
301052715,2025-11-26,2025-11-26 18:44:00,2025,11,Wednesday,18,35.162853,-89.99218,Possible Injury,Pedestrian,Intersection-On Roadway Crosswalk Not Available,Intersection,Dark-Lighted,Not Collision with Motor Vehicle in Transport,Pedestrian,1,True,City of Memphis,,,,,,,318.516566317691
301051736,2025-11-20,2025-11-20 20:58:00,2025,11,Thursday,20,35.13824,-90.05052,Possible Injury,Pedestrian,Intersection-On Roadway not in Crosswalk,Non-Junction,Dark-Lighted,Not Collision with Motor Vehicle in Transport,Pedestrian,2,True,City of Memphis,,,,,,,101.88966782430987
301054304,2025-12-06,2025-12-06 10:50:00,2025,12,Saturday,10,35.158146,-90.01175,Possible Injury,Pedestrian,Intersection-On Roadway Crosswalk availability Unknown,Intersection,Daylight,Not Collision with Motor Vehicle in Transport,Pedestrian,1,True,TDOT,JACKSON AVE,Principal Arterial,40.0,5,14,7,4.397293083397609
301053991,2025-12-04,2025-12-04 15:40:00,2025,12,Thursday,15,35.054268,-90.024994,Suspected Serious Injury,Pedestrian,Intersection-On Roadway not in Crosswalk,Intersection-Related,Daylight,Not Collision with Motor Vehicle in Transport,Pedestrian,1,True,TDOT,ELVIS PRESLEY BLVD,Principal Arterial,40.0,6,3,6,0.425799266395344
301023499,2025-06-15,2025-06-15 01:30:00,2025,6,Sunday,1,35.065025,-89.92737,Suspected Minor Injury,Pedestrian,Intersection-On Roadway not in Crosswalk,Intersection,Dark-Lighted,Not Collision with Motor Vehicle in Transport,Pedestrian,1,True,City of Memphis,,,,,,,450.680493857023
301051473,2025-11-20,2025-11-20 18:47:00,2025,11,Thursday,18,35.220684,-89.89256,Suspected Serious Injury,Pedestrian,Not Intersection-On Roadway Not In Crosswalk,AccelDecelLane,Dark-Lighted,Not Collision with Motor Vehicle in Transport,Pedestrian,1,True,City of Memphis,,,,,,,151.08598569891006
301052724,2025-11-24,2025-11-24 17:10:00,2025,11,Monday,17,35.202858,-89.762054,Possible Injury,Pedestrian,Not Intersection-Other Not On Roadway,Non-Junction,Dark-Lighted,Angle,Other,1,True,City of Memphis,,,,,,,168.46717951698878
301052173,2025-11-24,2025-11-24 14:25:00,2025,11,Monday,14,35.09104,-89.97626,No Injury,Pedestrian,Unknown,Non-Junction,Daylight,Angle,Other,1,True,City of Memphis,,,,,,,715.5656292122251
301054243,2025-12-05,2025-12-05 15:30:00,2025,12,Friday,15,35.225365,-90.0149,Suspected Serious Injury,Pedestrian,Intersection-On Roadway not in Crosswalk,Intersection,Daylight,Not Collision with Motor Vehicle in Transport,Pedestrian,1,True,City of Memphis,,,,,,,629.7389747528028
301053768,2025-11-25,2025-11-25 16:25:00,2025,11,Tuesday,16,35.205933,-89.833863,Suspected Minor Injury,Pedestrian,Not Intersection-On Roadway Not In Crosswalk,Non-Junction,Daylight,Not Collision with Motor Vehicle in Transport,Pedestrian,1,False,Suburban-Shelby,,,,,,,
301055168,2025-12-10,2025-12-10 14:29:00,2025,12,Wednesday,14,35.14758,-89.972,Possible Injury,Pedestrian,Intersection-In Crosswalk,Intersection,Daylight,Not Collision with Motor Vehicle in Transport,Pedestrian,1,True,City of Memphis,,,,,,,279.67648448893686
301052190,2025-11-24,2025-11-24 18:09:00,2025,11,Monday,18,35.149635,-89.95802,Possible Injury,Pedestrian,Intersection-On Roadway not in Crosswalk,Intersection,Dark-Lighted,Not Collision with Motor Vehicle in Transport,Pedestrian,1,True,TDOT,SUMMER AVE,Principal Arterial,35.0,5,1,5,16.923693785407977
300990561,2024-12-11,2024-12-11 12:05:00,2024,12,Wednesday,12,35.086437,-90.052216,Fatal,Pedestrian,Not Intersection-On Roadway Not In Crosswalk,Intersection-Related,Daylight,Not Collision with Motor Vehicle in Transport,Pedestrian,1,True,City of Memphis,,,,,,,415.73070348688645
301054684,2025-12-08,2025-12-08 17:36:00,2025,12,Monday,17,35.048786,-89.85183,Possible Injury,Pedestrian,Not Intersection-On Roadway Not In Crosswalk,AccelDecelLane,Dark-Lighted,Not Collision with Motor Vehicle in Transport,Pedestrian,2,True,City of Memphis,,,,,,,1878.533825088265
301056323,2025-12-17,2025-12-17 15:45:00,2025,12,Wednesday,15,35.132732,-90.02082,Possible Injury,Pedestrian,Intersection-In Crosswalk,Intersection,Daylight,Not Collision with Motor Vehicle in Transport,Pedestrian,1,True,TDOT,S BELLEVUE BLVD,Major Collector,35.0,4,3,6,0.17427116307895713
301052791,2025-11-26,2025-11-26 19:00:00,2025,11,Wednesday,19,35.355255,-89.89611,Possible Injury,Pedestrian,Intersection-On Roadway not in Crosswalk,Through Roadway,Dark-Not Lighted,Not Collision with Motor Vehicle in Transport,Pedestrian,1,False,Suburban-Shelby,,,,,,,