MstrRecNbrTxt,CollisionDate,CollisionDteTime,YearNmb,Month,DayOfWeek,Hour,Latitude,Longitude,InjuryClass,PersonType,NonMotoristLocation,RelationToJunction,LightCondition,MannerOfCollision,FirstHarmfulEvent,VictimsInCrash,InMemphis,Jurisdiction,StateRoute_NAME,StateRoute_F_System,StateRoute_SPDLIMIT,StateRoute_LANES,StateRoute_ALTNAME_1,StateRoute_Council_District,DistToStateRoute_m
301090706,2026-07-08,2026-07-08 10:00:00,2026,7,Wednesday,10,35.088844,-89.9649,Possible Injury,Pedestrian,Intersection-In Crosswalk,Intersection,Daylight,Not Collision with Motor Vehicle in Transport,Pedestrian,1,True,TDOT,LAMAR AVE,Principal Arterial,40.0,5,4,4,7.896348845421152
301087459,2026-06-20,2026-06-20 18:50:00,2026,6,Saturday,18,35.148525,-89.90743,Possible Injury,Pedestrian,Not Intersection-On Roadway Not In Crosswalk,Non-Junction,Daylight,Not Collision with Motor Vehicle in Transport,Pedestrian,1,True,TDOT,SUMMER AVE,Principal Arterial,40.0,7,1,5,24.34858401603212
301091090,2026-07-11,2026-07-11 00:00:00,2026,7,Saturday,99,35.096195,-89.997635,No Injury,Other Non-Motorist,Unknown,Intersection-Related,Unknown,Angle,Other,1,True,City of Memphis,,,,,,,1488.5578124755932
301086391,2026-06-14,2026-06-14 21:50:00,2026,6,Sunday,21,35.175377,-90.02148,Possible Injury,Pedestrian,Intersection-In Crosswalk,Intersection,Dark-Lighted,Not Collision with Motor Vehicle in Transport,Pedestrian,1,True,City of Memphis,,,,,,,1309.1783208767388
301086991,2026-06-16,2026-06-16 23:20:00,2026,6,Tuesday,23,35.107895,-89.98464,Suspected Serious Injury,Pedestrian,Intersection-On Roadway not in Crosswalk,AccelDecelLane,Dark-Lighted,Not Collision with Motor Vehicle in Transport,Pedestrian,1,True,TDOT,AIRWAYS BLVD,Principal Arterial,35.0,5,277,4,27.47017187975971
301086941,2026-06-16,2026-06-16 15:47:00,2026,6,Tuesday,15,35.236862,-89.93903,Possible Injury,Pedestrian,Not Intersection-On Roadway Not In Crosswalk,Intersection-Related,Daylight,Not Collision with Motor Vehicle in Transport,Pedestrian,1,True,City of Memphis,,,,,,,3205.0644250086825
301069106,2026-03-10,2026-03-10 05:00:00,2026,3,Tuesday,5,35.175415,-89.97533,Fatal,Pedestrian,Not Intersection-On Roadway Not In Crosswalk,Non-Junction,Dark-Lighted,Not Collision with Motor Vehicle in Transport,Pedestrian,1,True,City of Memphis,,,,,,,1932.2519989666469
301090186,2026-07-06,2026-07-06 22:34:00,2026,7,Monday,22,35.108857,-89.995672,Suspected Serious Injury,Pedestrian,Not Intersection-On Roadway Not In Crosswalk,Non-Junction,Dark-Lighted,Not Collision with Motor Vehicle in Transport,Pedestrian,1,True,City of Memphis,,,,,,,371.004181493284
301090250,2026-07-04,2026-07-04 21:39:00,2026,7,Saturday,21,35.12752,-89.774086,Possible Injury,Pedestrian,Not Intersection-On Roadway Crosswalk not Available,Non-Junction,Dark-Lighted,Not Collision with Motor Vehicle in Transport,Pedestrian,1,True,City of Memphis,,,,,,,2150.393125678536
301092403,2026-07-19,2026-07-19 00:00:00,2026,7,Sunday,99,35.08613,-89.93971,Suspected Serious Injury,Pedestrian,Intersection-On Roadway Crosswalk Not Available,Intersection,Unknown,Not Collision with Motor Vehicle in Transport,Pedestrian,1,True,City of Memphis,,,,,,,990.1670221379876
301091335,2026-07-13,2026-07-13 20:20:00,2026,7,Monday,20,35.185516,-89.92818,No Injury,Pedestrian,Unknown,AccelDecelLane,Dark-Lighted,Not Collision with Motor Vehicle in Transport,Other,1,True,City of Memphis,,,,,,,203.62283489626546
301092404,2026-07-20,2026-07-20 00:30:00,2026,7,Monday,0,35.092815,-89.935936,No Injury,Pedestrian,Not Intersection-Outside Traffic,Non-Junction,Dark-Lighted,Not Collision with Motor Vehicle in Transport,Other,1,True,City of Memphis,,,,,,,1432.0445476794353
301089020,2026-06-27,2026-06-27 21:36:00,2026,6,Saturday,21,35.145916,-90.03486,Possible Injury,Pedestrian,Intersection-On Roadway not in Crosswalk,Intersection-Related,Dark-Lighted,Not Collision with Motor Vehicle in Transport,Pedestrian,1,True,City of Memphis,,,,,,,795.0678962832359
301089856,2026-07-04,2026-07-04 23:45:00,2026,7,Saturday,23,35.141994,-90.04908,Possible Injury,Pedestrian,Not Intersection-On Roadway Crosswalk Availability Unknown,Intersection,Dark-Not Lighted,Not Collision with Motor Vehicle in Transport,Pedestrian,1,True,TDOT,UNION AVE,Minor Arterial,35.0,5,3,6,5.0178996676787415
301089861,2026-07-04,2026-07-04 21:25:00,2026,7,Saturday,21,35.21638,-89.89551,Possible Injury,Pedestrian,Not Intersection-On Roadway Not In Crosswalk,AccelDecelLane,Dark-Lighted,Not Collision with Motor Vehicle in Transport,Pedestrian,1,True,City of Memphis,,,,,,,105.32911924423098
301087330,2026-06-19,2026-06-19 17:55:00,2026,6,Friday,17,35.105698,-89.878204,Suspected Minor Injury,Pedestrian,Not Intersection-On Roadway Not In Crosswalk,Intersection-Related,Daylight,Not Collision with Motor Vehicle in Transport,Pedestrian,1,True,City of Memphis,,,,,,,33.24928176741871
301090975,2026-07-10,2026-07-10 10:50:00,2026,7,Friday,10,35.145847,-89.95656,Possible Injury,Pedestrian,Intersection-On Roadway not in Crosswalk,Intersection-Related,Daylight,Not Collision with Motor Vehicle in Transport,Pedestrian,1,True,City of Memphis,,,,,,,398.9942340364164
301025278,2025-06-25,2025-06-25 22:21:00,2025,6,Wednesday,22,35.083027,-89.92271,Fatal,Pedestrian,Intersection-On Roadway not in Crosswalk,Intersection,Dark-Lighted,Not Collision with Motor Vehicle in Transport,Other,1,True,City of Memphis,,,,,,,833.0628298615674
301090517,2026-07-08,2026-07-08 22:30:00,2026,7,Wednesday,22,35.142082,-90.03187,Possible Injury,Pedestrian,Intersection-Unknown,Entrance/Exit Ramp Related,Dark-Lighted,Not Collision with Motor Vehicle in Transport,Pedestrian,1,True,City of Memphis,,,,,,,403.46629934681636
301078384,2026-04-30,2026-04-30 20:49:00,2026,4,Thursday,20,35.150913,-89.98125,Suspected Serious Injury,Pedestrian,Intersection-In Crosswalk,Intersection,Daylight,Not Collision with Motor Vehicle in Transport,Pedestrian,1,True,TDOT,E PARKWAY,Principal Arterial,40.0,7,57,5,5.887332979204862
301092758,2026-07-21,2026-07-21 15:10:00,2026,7,Tuesday,15,35.142,-90.04908,Possible Injury,Pedestrian,Intersection-In Crosswalk,Intersection,Daylight,Not Collision with Motor Vehicle in Transport,Pedestrian,1,True,TDOT,UNION AVE,Minor Arterial,35.0,5,3,6,4.384453242663626
301092761,2026-07-21,2026-07-21 17:53:00,2026,7,Tuesday,17,35.12926,-89.949524,Possible Injury,Pedestrian,Not Intersection-On Roadway Crosswalk Availability Unknown,Non-Junction,Daylight,Not Collision with Motor Vehicle in Transport,Pedestrian,1,True,City of Memphis,,,,,,,32.96454421773032
301090815,2026-07-09,2026-07-09 13:38:00,2026,7,Thursday,13,35.09949,-89.86321,Possible Injury,Pedestrian,Intersection-In Crosswalk,Through Roadway,Daylight,Not Collision with Motor Vehicle in Transport,Pedestrian,1,True,City of Memphis,,,,,,,324.32765480174885
301089766,2026-07-03,2026-07-03 21:30:00,2026,7,Friday,21,35.104225,-89.88371,Possible Injury,Pedestrian,Not Intersection-On Roadway Crosswalk not Available,Non-Junction,Dark-Lighted,Not Collision with Motor Vehicle in Transport,Pedestrian,1,True,City of Memphis,,,,,,,335.5680277801108
301091044,2026-07-11,2026-07-11 21:16:00,2026,7,Saturday,21,35.060165,-89.84378,Possible Injury,Pedestrian,Intersection-In Crosswalk,Intersection,Dark-Lighted,Not Collision with Motor Vehicle in Transport,Pedestrian,1,True,City of Memphis,,,,,,,560.8842743372786
301088653,2026-06-26,2026-06-26 21:50:00,2026,6,Friday,21,35.157948,-89.976006,Suspected Minor Injury,Pedestrian,Intersection-Unknown,Intersection,Dawn,Not Collision with Motor Vehicle in Transport,Pedestrian,1,True,TDOT,JACKSON AVE,Principal Arterial,40.0,5,14,7,4.681920593647033
301092166,2026-07-18,2026-07-18 00:57:00,2026,7,Saturday,0,35.022,-90.00709,Suspected Serious Injury,Pedestrian,Not Intersection-On Roadway Crosswalk not Available,AccelDecelLane,Dark-Not Lighted,Not Collision with Motor Vehicle in Transport,Pedestrian,1,True,City of Memphis,,,,,,,103.50604241350305
301086906,2026-06-16,2026-06-16 14:37:00,2026,6,Tuesday,14,35.02091,-90.08123,Possible Injury,Pedestrian,Not Intersection-On Roadway Not In Crosswalk,Non-Junction,Daylight,Not Collision with Motor Vehicle in Transport,Pedestrian,1,True,TDOT,W SHELBY DR,Minor Arterial,45.0,5,175,6,4.504456857177193
301087214,2026-06-18,2026-06-18 05:09:00,2026,6,Thursday,5,35.064842,-89.92936,Suspected Serious Injury,Pedestrian,Intersection-Not on Roadway,Intersection,Dawn,Not Collision with Motor Vehicle in Transport,Pedestrian,1,True,City of Memphis,,,,,,,270.2562425761548
301088221,2026-06-05,2026-06-05 14:17:00,2026,6,Friday,14,35.204797,-89.842405,Possible Injury,Pedestrian,Intersection-Not on Roadway,"Driveway, Alley Access, etc",Daylight,Not Collision with Motor Vehicle in Transport,Pedestrian,1,False,Suburban-Shelby,,,,,,,
301088677,2026-06-27,2026-06-27 01:00:00,2026,6,Saturday,1,35.081566,-89.98546,Possible Injury,Pedestrian,Intersection-On Roadway Crosswalk Not Available,Intersection,Dark-Lighted,Not Collision with Motor Vehicle in Transport,Pedestrian,1,True,City of Memphis,,,,,,,2013.6647312650302
300990919,2024-12-12,2024-12-12 18:50:00,2024,12,Thursday,18,35.061245,-89.866714,Fatal,Pedestrian,Not Intersection-On Roadway Not In Crosswalk,Non-Junction,Dark-Not Lighted,Not Collision with Motor Vehicle in Transport,Pedestrian,1,True,City of Memphis,,,,,,,1491.1960153088473
301092622,2026-07-20,2026-07-20 16:03:00,2026,7,Monday,16,35.14036,-90.05172,Possible Injury,Pedestrian,Intersection-In Crosswalk,Intersection,Daylight,Not Collision with Motor Vehicle in Transport,Pedestrian,2,True,TDOT,S THIRD ST,Minor Arterial,35.0,3,14,6,1.1968502510781276
301087581,2026-06-21,2026-06-21 20:18:00,2026,6,Sunday,20,35.11612,-89.90669,Suspected Minor Injury,Pedestrian,Intersection-On Roadway Crosswalk availability Unknown,Intersection,Dark-Lighted,Not Collision with Motor Vehicle in Transport,Pedestrian,1,True,TDOT,POPLAR AVE,Principal Arterial,40.0,7,57,5,3.7837593574200863
301086616,2026-06-04,2026-06-04 21:00:00,2026,6,Thursday,21,35.356789,-89.894887,Suspected Serious Injury,Pedestrian,Not Intersection-On Roadway Not In Crosswalk,Non-Junction,Dark-Lighted,Not Collision with Motor Vehicle in Transport,Pedestrian,1,False,Suburban-Shelby,,,,,,,
301091563,2026-07-14,2026-07-14 18:22:00,2026,7,Tuesday,18,35.146473,-90.03697,Possible Injury,Pedestrian,Intersection-On Roadway not in Crosswalk,Intersection,Daylight,Not Collision with Motor Vehicle in Transport,Pedestrian,1,True,City of Memphis,,,,,,,625.904139219938
301045948,2025-10-20,2025-10-20 11:15:00,2025,10,Monday,11,35.137028,-89.973434,Fatal,Pedestrian,Not Intersection-On Roadway Not In Crosswalk,Non-Junction,Daylight,"Sideswipe, Same Direction",Other,1,True,TDOT,POPLAR AVE,Principal Arterial,40.0,7,57,5,4.272525740041603
301096611,2026-08-13,2026-08-13 00:30:00,2026,8,Thursday,0,35.176876,-89.83668,Possible Injury,Pedestrian,Intersection-On Roadway not in Crosswalk,Entrance/Exit Ramp Related,Dark-Lighted,Not Collision with Motor Vehicle in Transport,Pedestrian,1,True,City of Memphis,,,,,,,1877.5237401833583
301083723,2026-05-30,2026-05-30 00:50:00,2026,5,Saturday,0,35.109856,-89.88973,Fatal,Pedestrian,Not Intersection-On Roadway Crosswalk not Available,Intersection-Related,Dark-Lighted,Not Collision with Motor Vehicle in Transport,Pedestrian,1,True,TDOT,POPLAR AVE,Principal Arterial,40.0,7,57,5,3.779460038369111
301093390,2026-07-24,2026-07-24 22:10:00,2026,7,Friday,22,35.135464,-90.002884,Fatal,Pedestrian,Not Intersection-On Roadway Crosswalk not Available,Intersection-Related,Dark-Lighted,Not Collision with Motor Vehicle in Transport,Pedestrian,1,True,TDOT,UNION AVE,Principal Arterial,35.0,6,23,5,6.948871931964814
301095885,2026-08-06,2026-08-06 13:33:00,2026,8,Thursday,13,35.11604,-90.055214,Possible Injury,Pedestrian,Intersection-On Roadway Crosswalk availability Unknown,Intersection,Daylight,Not Collision with Motor Vehicle in Transport,Pedestrian,1,True,TDOT,S THIRD ST,Principal Arterial,40.0,5,14,6,0.5214254683854173
301094710,2026-08-01,2026-08-01 22:12:00,2026,8,Saturday,22,35.181942,-89.97655,Suspected Serious Injury,Pedestrian,Not Intersection-Other Not On Roadway,Through Roadway,Dark-Lighted,Not Collision with Motor Vehicle in Transport,Pedestrian,1,True,City of Memphis,,,,,,,2641.218420186578
301095524,2026-08-06,2026-08-06 08:37:00,2026,8,Thursday,8,35.08655,-90.11144,No Injury,Pedestrian,Not Intersection-Outside Traffic,Rail Grade Crossing,Daylight,Not Collision with Motor Vehicle in Transport,Other,2,True,City of Memphis,,,,,,,4966.58031228969
301093566,2026-07-25,2026-07-25 05:33:00,2026,7,Saturday,5,35.104927,-89.9826,Fatal,Pedestrian,Intersection-On Roadway not in Crosswalk,Non-Junction,Dark-Lighted,Not Collision with Motor Vehicle in Transport,Pedestrian,1,True,City of Memphis,,,,,,,133.5180290511542
301095003,2026-08-04,2026-08-04 07:38:00,2026,8,Tuesday,7,35.07458,-89.878075,Possible Injury,Pedestrian,Intersection-On Roadway Crosswalk Not Available,Non-Junction,Daylight,Not Collision with Motor Vehicle in Transport,Pedestrian,1,True,City of Memphis,,,,,,,686.5599022860067
301094049,2026-07-28,2026-07-28 14:03:00,2026,7,Tuesday,14,35.172173,-89.914246,Suspected Minor Injury,Pedestrian,Not Intersection-On Roadway Not In Crosswalk,Intersection-Related,Daylight,Not Collision with Motor Vehicle in Transport,Pedestrian,1,True,City of Memphis,,,,,,,1132.6681045845414
301095546,2026-08-07,2026-08-07 00:00:00,2026,8,Friday,0,35.171684,-89.975235,Suspected Serious Injury,Pedestrian,Not Intersection-On Roadway Not In Crosswalk,Through Roadway,Dark-Lighted,Not Collision with Motor Vehicle in Transport,Pedestrian,1,True,City of Memphis,,,,,,,1518.2301034849618
301096399,2026-08-11,2026-08-11 21:17:00,2026,8,Tuesday,21,35.04977,-89.85747,Suspected Serious Injury,Pedestrian,Not Intersection-On Roadway Crosswalk not Available,Non-Junction,Dark-Lighted,Not Collision with Motor Vehicle in Transport,Pedestrian,1,True,City of Memphis,,,,,,,2238.953896361769
301081598,2026-05-14,2026-05-14 15:05:00,2026,5,Thursday,15,35.234589,-89.837991,Suspected Serious Injury,Pedestrian,Intersection-In Crosswalk,Intersection,Daylight,Not Collision with Motor Vehicle in Transport,Pedestrian,3,False,Suburban-Shelby,,,,,,,
301096452,2026-08-12,2026-08-12 06:50:00,2026,8,Wednesday,6,35.2124,-89.9238,Possible Injury,Pedestrian,Not Intersection-On Roadway Not In Crosswalk,Non-Junction,Daylight,Not Collision with Motor Vehicle in Transport,Pedestrian,1,True,City of Memphis,,,,,,,419.96836250985166
301093813,2026-07-27,2026-07-27 22:05:00,2026,7,Monday,22,35.195087,-89.89963,Suspected Serious Injury,Pedestrian,Not Intersection-On Roadway Not In Crosswalk,Intersection,Dark-Not Lighted,Not Collision with Motor Vehicle in Transport,Pedestrian,1,True,City of Memphis,,,,,,,379.0994590317419
301094602,2026-08-02,2026-08-02 02:40:00,2026,8,Sunday,2,35.213657,-89.9166,Possible Injury,Pedestrian,Intersection-On Roadway not in Crosswalk,Intersection,Dark-Lighted,Not Collision with Motor Vehicle in Transport,Pedestrian,1,True,TDOT,AUSTIN PEAY HWY,Principal Arterial,45.0,7,14,1,3.3514653372003913
301094136,2026-07-29,2026-07-29 22:03:00,2026,7,Wednesday,22,35.169,-89.865364,Suspected Serious Injury,Pedestrian,Not Intersection-On Roadway Not In Crosswalk,Non-Junction,Dark-Not Lighted,Not Collision with Motor Vehicle in Transport,Pedestrian,1,True,City of Memphis,,,,,,,431.4935552697937
301094433,2026-07-31,2026-07-31 21:38:00,2026,7,Friday,21,35.053303,-89.99127,Possible Injury,Pedestrian,Not Intersection-On Roadway Not In Crosswalk,Non-Junction,Dark-Lighted,Not Collision with Motor Vehicle in Transport,Pedestrian,1,True,City of Memphis,,,,,,,3069.9405766705345
301096502,2026-08-12,2026-08-12 07:50:00,2026,8,Wednesday,7,35.177887,-89.974976,Possible Injury,Pedestrian,Intersection-On Roadway Crosswalk Not Available,Intersection,Daylight,Not Collision with Motor Vehicle in Transport,Pedestrian,1,True,City of Memphis,,,,,,,2201.5890682157224
301097192,2026-08-16,2026-08-16 03:40:00,2026,8,Sunday,3,35.065907,-89.942213,Fatal,Pedestrian,Not Intersection-On Roadway Crosswalk not Available,Non-Junction,Dark-Not Lighted,Not Collision with Motor Vehicle in Transport,Pedestrian,1,True,TDOT,LAMAR AVE,Principal Arterial,40.0,7,4,4,5.609381735040643
301096224,2026-08-06,2026-08-06 14:49:00,2026,8,Thursday,14,35.177018,-89.756176,Possible Injury,Pedestrian,Not Intersection-Outside Traffic,Intersection-Related,Daylight,Not Collision with Motor Vehicle in Transport,Other,1,False,Suburban-Shelby,,,,,,,
301093843,2026-07-22,2026-07-22 17:05:00,2026,7,Wednesday,17,35.294968,-89.964516,Fatal,Pedestrian,Not Intersection-On Roadway Crosswalk not Available,Non-Junction,Daylight,Not Collision with Motor Vehicle in Transport,Pedestrian,1,False,Suburban-Shelby,,,,,,,
301094615,2026-08-01,2026-08-01 19:37:00,2026,8,Saturday,19,35.06163,-90.02371,Suspected Serious Injury,Pedestrian,Intersection-In Crosswalk,"Driveway, Alley Access, etc",Daylight,Not Collision with Motor Vehicle in Transport,Pedestrian,1,True,TDOT,ELVIS PRESLEY BLVD,Principal Arterial,40.0,6,3,6,11.840609877551683
301096784,2026-08-13,2026-08-13 17:30:00,2026,8,Thursday,17,35.21042,-90.04211,Possible Injury,Pedestrian,Intersection-On Roadway Crosswalk availability Unknown,Through Roadway,Daylight,Not Collision with Motor Vehicle in Transport,Pedestrian,1,True,City of Memphis,,,,,,,860.6438736288111
301071209,2026-03-23,2026-03-23 03:18:00,2026,3,Monday,3,35.183582,-89.87671,Fatal,Pedestrian,Not Intersection-On Roadway Not In Crosswalk,Non-Junction,Dark-Lighted,Not Collision with Motor Vehicle in Transport,Pedestrian,1,True,City of Memphis,,,,,,,1399.2987228936179
301094646,2026-08-02,2026-08-02 05:10:00,2026,8,Sunday,5,35.020283,-89.955055,Possible Injury,Pedestrian,Intersection-Unknown,Intersection-Related,Dawn,Not Collision with Motor Vehicle in Transport,Pedestrian,1,True,City of Memphis,,,,,,,57.2999889173319
301097684,2026-08-19,2026-08-19 02:40:00,2026,8,Wednesday,2,35.044685,-90.056244,No Injury,Other Non-Motorist,Unknown,Unknown,Dark-Lighted,Not Collision with Motor Vehicle in Transport,Other,1,True,City of Memphis,,,,,,,685.6871182383939
301093089,2026-07-23,2026-07-23 05:15:00,2026,7,Thursday,5,35.24324,-89.931481,Fatal,Pedestrian,Not Intersection-On Roadway Crosswalk not Available,Non-Junction,Dark-Lighted,Not Collision with Motor Vehicle in Transport,Pedestrian,1,True,City of Memphis,,,,,,,3120.1503631795144
301069623,2026-03-12,2026-03-12 16:20:00,2026,3,Thursday,16,35.208828,-90.011665,Fatal,Pedestrian,Not Intersection-On Roadway Not In Crosswalk,Intersection-Related,Daylight,Not Collision with Motor Vehicle in Transport,Pedestrian,1,True,City of Memphis,,,,,,,1902.3475893685409
301071051,2026-03-21,2026-03-21 21:20:00,2026,3,Saturday,21,35.064884,-89.93243,Fatal,Pedestrian,Intersection-Unknown,Intersection,Dark-Lighted,Not Collision with Motor Vehicle in Transport,Pedestrian,1,True,TDOT,NEW GETWELL RD,Principal Arterial,40.0,2,176,3,0.31835757220212063
301093148,2026-07-22,2026-07-22 21:09:00,2026,7,Wednesday,21,35.02085,-89.96364,Suspected Serious Injury,Other Non-Motorist,Not Intersection-On Roadway Not In Crosswalk,Non-Junction,Dark-Lighted,Front to Rear,Other,1,True,TDOT,E SHELBY DR,Principal Arterial,45.0,6,175,3,4.939292727594661
301095135,2026-08-05,2026-08-05 03:10:00,2026,8,Wednesday,3,35.174644,-89.97543,Suspected Serious Injury,Pedestrian,Intersection-In Crosswalk,Intersection,Dark-Lighted,Not Collision with Motor Vehicle in Transport,Pedestrian,1,True,City of Memphis,,,,,,,1846.8770546868925
301095121,2026-08-04,2026-08-04 23:00:00,2026,8,Tuesday,23,35.148716,-89.93196,Suspected Minor Injury,Pedestrian,Not Intersection-On Roadway Not In Crosswalk,OtherLocation,Dark-Lighted,Not Collision with Motor Vehicle in Transport,Pedestrian,1,True,City of Memphis,,,,,,,58.200697554837205
301096076,2026-08-10,2026-08-10 09:00:00,2026,8,Monday,9,35.191555,-89.975784,No Injury,Pedestrian,Not Intersection-Unknown,Non-Junction,Daylight,Not Collision with Motor Vehicle in Transport,Pedestrian,1,True,City of Memphis,,,,,,,3583.2495007340135
301093377,2026-07-24,2026-07-24 21:05:00,2026,7,Friday,21,35.23125,-89.96506,Possible Injury,Pedestrian,Intersection-On Roadway Crosswalk Not Available,Through Roadway,Dusk,Not Collision with Motor Vehicle in Transport,Pedestrian,1,True,City of Memphis,,,,,,,3973.531780406475
301096365,2026-08-11,2026-08-11 16:50:00,2026,8,Tuesday,16,35.053303,-89.99127,Possible Injury,Pedestrian,Not Intersection-On Roadway Not In Crosswalk,AccelDecelLane,Daylight,Not Collision with Motor Vehicle in Transport,Pedestrian,1,True,City of Memphis,,,,,,,3069.9405766705345
301101289,2026-09-07,2026-09-07 11:21:00,2026,9,Monday,11,35.143955,-90.01564,Possible Injury,Pedestrian,Intersection-In Crosswalk,Intersection,Daylight,Not Collision with Motor Vehicle in Transport,Pedestrian,1,True,City of Memphis,,,,,,,789.8753669485542
301102679,2026-09-12,2026-09-12 19:58:00,2026,9,Saturday,19,35.277678,-90.025635,Suspected Serious Injury,Pedestrian,Intersection-On Roadway Crosswalk Not Available,Non-Junction,Dark-Not Lighted,Not Collision with Motor Vehicle in Transport,Pedestrian,1,False,Suburban-Shelby,,,,,,,
301098725,2026-08-24,2026-08-24 12:38:00,2026,8,Monday,12,35.132137,-89.856064,Fatal,Pedestrian,Not Intersection-In Crosswalk,Non-Junction,Daylight,Not Collision with Motor Vehicle in Transport,Pedestrian,1,True,City of Memphis,,,,,,,1072.966421462778
301102689,2026-09-14,2026-09-14 14:40:00,2026,9,Monday,14,35.136646,-90.01465,Suspected Minor Injury,Pedestrian,Intersection-On Roadway not in Crosswalk,Intersection,Daylight,Not Collision with Motor Vehicle in Transport,Pedestrian,1,True,TDOT,UNION AVE,Principal Arterial,35.0,6,23,7,4.570733433076683
301102431,2026-09-13,2026-09-13 23:17:00,2026,9,Sunday,23,35.076416,-89.931526,Suspected Serious Injury,Pedestrian,Not Intersection-On Roadway Not In Crosswalk,Non-Junction,Dark-Lighted,Not Collision with Motor Vehicle in Transport,Pedestrian,1,True,TDOT,GETWELL RD,Principal Arterial,40.0,7,176,4,0.17462643899500355
301099680,2026-08-29,2026-08-29 18:15:00,2026,8,Saturday,18,35.20178,-89.807045,Possible Injury,Pedestrian,Intersection-On Roadway Crosswalk Not Available,Through Roadway,Daylight,Not Collision with Motor Vehicle in Transport,Pedestrian,1,True,City of Memphis,,,,,,,319.60518652493494
301098264,2026-08-22,2026-08-22 03:20:00,2026,8,Saturday,3,35.16826,-89.86452,Suspected Serious Injury,Pedestrian,Not Intersection-On Roadway Not In Crosswalk,Intersection-Related,Dark-Lighted,Not Collision with Motor Vehicle in Transport,Pedestrian,1,True,City of Memphis,,,,,,,543.1408144178649
301100754,2026-09-02,2026-09-02 17:34:00,2026,9,Wednesday,17,35.135254,-90.05002,Suspected Serious Injury,Pedestrian,Intersection-In Crosswalk,Intersection,Daylight,Not Collision with Motor Vehicle in Transport,Other,1,True,City of Memphis,,,,,,,228.5408393174983
301025660,2025-06-28,2025-06-28 04:39:00,2025,6,Saturday,4,35.167934,-90.00019,Fatal,Pedestrian,Intersection-On Roadway Crosswalk Not Available,Intersection,Dark-Unknown Lighting,Not Collision with Motor Vehicle in Transport,Pedestrian,1,True,City of Memphis,,,,,,,773.3552146475448
301101816,2026-09-08,2026-09-08 13:00:00,2026,9,Tuesday,13,35.105324,-89.98564,Fatal,Pedestrian,Not Intersection-In Crosswalk,Intersection,Daylight,Not Collision with Motor Vehicle in Transport,Pedestrian,1,True,TDOT,LAMAR AVE,Principal Arterial,40.0,5,4,4,3.3449261980942278
301018340,2025-05-15,2025-05-15 22:10:00,2025,5,Thursday,22,35.142204,-90.03157,Fatal,Pedestrian,Not Intersection-On Roadway Not In Crosswalk,Non-Junction,Dark-Lighted,Not Collision with Motor Vehicle in Transport,Pedestrian,1,True,City of Memphis,,,,,,,420.5362771524241
301068787,2026-03-07,2026-03-07 21:25:00,2026,3,Saturday,21,35.107857,-89.962135,Suspected Serious Injury,Pedestrian,Not Intersection-On Roadway Not In Crosswalk,Non-Junction,Dark-Unknown Lighting,Not Collision with Motor Vehicle in Transport,Pedestrian,1,True,City of Memphis,,,,,,,1471.3173364099243
301099501,2026-08-28,2026-08-28 15:43:00,2026,8,Friday,15,35.066723,-89.843605,Possible Injury,Pedestrian,Not Intersection-Adjacent to Roadway,Non-Junction,Daylight,Angle,Other,1,True,TDOT,STATE ROUTE 385,Freeway and Expressway,65.0,3,NONCONNAH PKWY,2,3.9915840689481814
301100184,2026-09-01,2026-09-01 08:30:00,2026,9,Tuesday,8,35.034378,-90.05157,Possible Injury,Pedestrian,Not Intersection-Bike Path,"Driveway, Alley Access, etc",Daylight,Not Collision with Motor Vehicle in Transport,Other,1,True,City of Memphis,,,,,,,1497.7964755213527
301084184,2026-06-01,2026-06-01 22:30:00,2026,6,Monday,22,35.085995,-89.962364,Fatal,Pedestrian,Not Intersection-On Roadway Not In Crosswalk,Non-Junction,Dark-Lighted,Not Collision with Motor Vehicle in Transport,Pedestrian,1,True,TDOT,LAMAR AVE,Principal Arterial,40.0,5,4,4,2.890305868855618
301098780,2026-08-24,2026-08-24 07:15:00,2026,8,Monday,7,35.173267,-90.00771,Possible Injury,Pedestrian,Intersection-On Roadway Crosswalk Not Available,Non-Junction,Daylight,Not Collision with Motor Vehicle in Transport,Pedestrian,1,True,City of Memphis,,,,,,,1489.938689531524