MstrRecNbrTxt,CollisionDate,CollisionDteTime,YearNmb,Month,DayOfWeek,Hour,Latitude,Longitude,InjuryClass,PersonType,NonMotoristLocation,RelationToJunction,LightCondition,MannerOfCollision,FirstHarmfulEvent,VictimsInCrash,InMemphis,Jurisdiction,StateRoute_NAME,StateRoute_F_System,StateRoute_SPDLIMIT,StateRoute_LANES,StateRoute_ALTNAME_1,StateRoute_Council_District,DistToStateRoute_m
301099008,2026-08-25,2026-08-25 22:35:00,2026,8,Tuesday,22,35.06311,-90.0592,Suspected Serious Injury,Pedestrian,Intersection-On Roadway not in Crosswalk,Intersection,Dark-Lighted,Not Collision with Motor Vehicle in Transport,Pedestrian,1,True,TDOT,S THIRD ST,Principal Arterial,45.0,7,14,6,0.48969503325080727
301101141,2026-09-06,2026-09-06 01:48:00,2026,9,Sunday,1,35.19512,-89.79238,Possible Injury,Pedestrian,Not Intersection-Unknown,Non-Junction,Dark-Lighted,Not Collision with Motor Vehicle in Transport,Pedestrian,1,True,TDOT,N GERMANTOWN PKWY,Principal Arterial,45.0,7,177,1,0.3999424724383709
301100538,2026-09-02,2026-09-02 20:33:00,2026,9,Wednesday,20,35.221336,-89.894196,Possible Injury,Pedestrian,Intersection-On Roadway not in Crosswalk,Through Roadway,Dark-Lighted,Not Collision with Motor Vehicle in Transport,Pedestrian,1,True,TDOT,COVINGTON PIKE,,40.0,5,204,1,0.035832065975294605
301100540,2026-08-31,2026-08-31 21:12:00,2026,8,Monday,21,35.15837,-90.01507,Suspected Serious Injury,Pedestrian,Not Intersection-On Roadway Not In Crosswalk,Non-Junction,Dark-Lighted,Not Collision with Motor Vehicle in Transport,Pedestrian,1,True,TDOT,JACKSON AVE,Principal Arterial,35.0,4,14,7,4.809251655002903
301099899,2026-08-31,2026-08-31 08:07:00,2026,8,Monday,8,35.015633,-90.02658,Suspected Minor Injury,Pedestrian,Not Intersection-On Roadway Not In Crosswalk,Through Roadway,Daylight,Not Collision with Motor Vehicle in Transport,Pedestrian,1,True,City of Memphis,,,,,,,123.26723657204595
301102771,2026-09-14,2026-09-14 20:36:00,2026,9,Monday,20,35.101883,-89.87028,Fatal,Pedestrian,Not Intersection-Outside Traffic,Non-Junction,Dark-Lighted,Not Collision with Motor Vehicle in Transport,Pedestrian,1,True,TDOT,POPLAR AVE,Principal Arterial,40.0,3,57,5,4.382984339568191
301102325,2026-09-13,2026-09-13 00:00:00,2026,9,Sunday,0,35.17911,-89.861206,Suspected Minor Injury,Pedestrian,Not Intersection-Adjacent to Roadway,Intersection,Dark-Not Lighted,Not Collision with Motor Vehicle in Transport,Pedestrian,1,True,TDOT,SUMMER AVE,Principal Arterial,45.0,4,1,1,3.3097291966119182
301100278,2026-09-01,2026-09-01 20:00:00,2026,9,Tuesday,20,35.16857,-89.86386,Possible Injury,Pedestrian,Intersection-On Roadway Crosswalk availability Unknown,Non-Junction,Dawn,Not Collision with Motor Vehicle in Transport,Pedestrian,1,True,City of Memphis,,,,,,,567.2245773346496
301101652,2026-09-09,2026-09-09 08:07:00,2026,9,Wednesday,8,35.128716,-90.02107,Possible Injury,Pedestrian,Intersection-In Crosswalk,Intersection,Daylight,Not Collision with Motor Vehicle in Transport,Pedestrian,1,True,TDOT,S BELLEVUE BLVD,Minor Arterial,35.0,4,3,6,0.7494499111183989
301066701,2026-02-23,2026-02-23 22:18:00,2026,2,Monday,22,35.19489,-89.79239,Fatal,Pedestrian,Not Intersection-On Roadway Crosswalk not Available,Non-Junction,Dark-Not Lighted,Not Collision with Motor Vehicle in Transport,Pedestrian,1,True,TDOT,N GERMANTOWN PKWY,Principal Arterial,45.0,7,177,1,0.40987036477310373
301101676,2026-09-09,2026-09-09 07:45:00,2026,9,Wednesday,7,35.099407,-89.93087,Possible Injury,Pedestrian,Intersection-In Crosswalk,Intersection,Daylight,Not Collision with Motor Vehicle in Transport,Pedestrian,2,True,City of Memphis,,,,,,,2100.043579057684
301098364,2026-08-22,2026-08-22 19:15:00,2026,8,Saturday,19,35.155006,-89.886444,Possible Injury,Pedestrian,Intersection-On Roadway not in Crosswalk,Intersection-Related,Daylight,Not Collision with Motor Vehicle in Transport,Pedestrian,1,True,TDOT,SUMMER AVE,Principal Arterial,40.0,5,1,5,5.554843224408257
301085015,2026-06-07,2026-06-07 01:05:00,2026,6,Sunday,1,35.06263,-89.91606,Fatal,Pedestrian,Intersection-On Roadway Crosswalk Not Available,Intersection,Dark-Lighted,Not Collision with Motor Vehicle in Transport,Pedestrian,1,True,City of Memphis,,,,,,,1370.2440760912411
301102189,2026-09-11,2026-09-11 23:40:00,2026,9,Friday,23,35.178204,-89.837234,No Injury,Other Non-Motorist,Unknown,Intersection,Dark-Lighted,Not Collision with Motor Vehicle in Transport,Other,1,True,City of Memphis,,,,,,,1744.0065261452824
301098884,2026-08-24,2026-08-24 05:42:00,2026,8,Monday,5,35.006416,-90.06072,Possible Injury,Pedestrian,Not Intersection-Adjacent to Roadway,AccelDecelLane,Dark-Not Lighted,Not Collision with Motor Vehicle in Transport,Pedestrian,2,True,City of Memphis,,,,,,,1616.7245248068025
301102643,2026-09-13,2026-09-13 22:50:00,2026,9,Sunday,22,35.135544,-90.00078,Possible Injury,Pedestrian,Intersection-Unknown,Intersection,Dark-Lighted,Not Collision with Motor Vehicle in Transport,Pedestrian,1,True,TDOT,UNION AVE,Principal Arterial,35.0,6,23,5,27.117338093801006
301102647,2026-09-14,2026-09-14 15:35:00,2026,9,Monday,15,35.178997,-89.849144,Possible Injury,Pedestrian,Not Intersection-Outside Traffic,Non-Junction,Daylight,Not Collision with Motor Vehicle in Transport,Pedestrian,1,True,City of Memphis,,,,,,,855.0239248116595
301101982,2026-09-10,2026-09-10 21:14:00,2026,9,Thursday,21,35.129837,-89.797615,Suspected Serious Injury,Pedestrian,Intersection-On Roadway not in Crosswalk,Non-Junction,Dark-Not Lighted,Not Collision with Motor Vehicle in Transport,Pedestrian,1,True,TDOT,S GERMANTOWN PKWY,Principal Arterial,50.0,6,177,2,1.6830061939331697
301099614,2026-08-27,2026-08-27 17:06:00,2026,8,Thursday,17,35.1519,-90.01281,Possible Injury,Pedestrian,Not Intersection-Bike Path,AccelDecelLane,Daylight,Not Collision with Motor Vehicle in Transport,Pedestrian,1,True,City of Memphis,,,,,,,104.88426356361282
301101750,2026-09-09,2026-09-09 14:58:00,2026,9,Wednesday,14,35.136547,-90.02067,Possible Injury,Pedestrian,Intersection-On Roadway Crosswalk availability Unknown,Through Roadway,Daylight,Not Collision with Motor Vehicle in Transport,Pedestrian,1,True,TDOT,S BELLEVUE BLVD,Major Collector,35.0,4,3,6,2.490350726459009
301096413,2026-08-12,2026-08-12 03:58:00,2026,8,Wednesday,3,35.046463,-90.025276,Suspected Minor Injury,Pedestrian,Not Intersection-On Roadway Not In Crosswalk,Non-Junction,Dark-Lighted,Not Collision with Motor Vehicle in Transport,Other,1,True,TDOT,ELVIS PRESLEY BLVD,Principal Arterial,40.0,6,3,6,15.102614750423026
301101756,2026-09-09,2026-09-09 21:34:00,2026,9,Wednesday,21,35.068775,-89.95419,Possible Injury,Pedestrian,Intersection-On Roadway not in Crosswalk,Non-Junction,Dark-Not Lighted,Not Collision with Motor Vehicle in Transport,Pedestrian,1,True,City of Memphis,,,,,,,762.4719513324417
301101129,2026-09-05,2026-09-05 23:10:00,2026,9,Saturday,23,35.008266,-89.949776,Possible Injury,Pedestrian,Not Intersection-Outside Traffic,Through Roadway,Dark-Lighted,Angle,Other,1,True,City of Memphis,,,,,,,1181.2190026336907
301014726,2025-04-28,2025-04-28 01:39:00,2025,4,Monday,1,35.108875,-89.98901,Fatal,Pedestrian,Not Intersection-Unknown,Non-Junction,Dark-Lighted,Not Collision with Motor Vehicle in Transport,Pedestrian,1,True,TDOT,LAMAR AVE,Principal Arterial,40.0,7,4,4,2.4945988786715474
301086179,2026-06-12,2026-06-12 15:28:00,2026,6,Friday,15,35.034172,-90.02463,Fatal,Pedestrian,Not Intersection-Outside Traffic,Non-Junction,Daylight,Not Collision with Motor Vehicle in Transport,Pedestrian,1,True,City of Memphis,,,,,,,49.365088038773116
301099692,2026-08-29,2026-08-29 20:00:00,2026,8,Saturday,20,35.16043,-89.79444,Possible Injury,Pedestrian,Intersection-On Roadway not in Crosswalk,Non-Junction,Dark-Lighted,Not Collision with Motor Vehicle in Transport,Pedestrian,1,True,City of Memphis,,,,,,,60.75632820503464
301102875,2026-09-16,2026-09-16 07:19:00,2026,9,Wednesday,7,35.21584,-89.9931,Suspected Minor Injury,Pedestrian,Not Intersection-On Roadway Not In Crosswalk,Unknown,Daylight,Not Collision with Motor Vehicle in Transport,Pedestrian,1,True,City of Memphis,,,,,,,2860.973027404461
301073827,2026-04-06,2026-04-06 23:34:00,2026,4,Monday,23,35.215113,-90.003464,Fatal,Pedestrian,Not Intersection-On Roadway Crosswalk not Available,Intersection,Dark-Lighted,Not Collision with Motor Vehicle in Transport,Pedestrian,1,True,City of Memphis,,,,,,,2132.310257983269
301007975,2025-03-23,2025-03-23 14:00:00,2025,3,Sunday,14,35.19155,-89.97579,Fatal,Pedestrian,Not Intersection-On Roadway Not In Crosswalk,Non-Junction,Daylight,Not Collision with Motor Vehicle in Transport,Pedestrian,1,True,City of Memphis,,,,,,,3583.2175112243826
301099828,2026-08-30,2026-08-30 19:21:00,2026,8,Sunday,19,35.10439,-89.87651,Possible Injury,Pedestrian,Not Intersection-In Parking Lane,Intersection,Daylight,Not Collision with Motor Vehicle in Transport,Pedestrian,1,True,City of Memphis,,,,,,,126.82991707510821
301081667,2026-05-18,2026-05-18 12:54:00,2026,5,Monday,12,35.07929,-89.98485,Fatal,Pedestrian,Intersection-On Roadway not in Crosswalk,Non-Junction,Daylight,Not Collision with Motor Vehicle in Transport,Pedestrian,1,True,City of Memphis,,,,,,,2111.9688541387454
301088693,2026-06-27,2026-06-27 22:30:00,2026,6,Saturday,22,35.162476,-89.9559,Fatal,Pedestrian,Intersection-On Roadway not in Crosswalk,Intersection,Dark-Lighted,Not Collision with Motor Vehicle in Transport,Pedestrian,1,True,City of Memphis,,,,,,,33.10705011883469
301032288,2025-08-06,2025-08-06 03:55:00,2025,8,Wednesday,3,35.105316,-89.87507,Fatal,Pedestrian,Not Intersection-On Roadway Crosswalk not Available,Non-Junction,Dark-Not Lighted,Not Collision with Motor Vehicle in Transport,Pedestrian,1,True,TDOT,POPLAR AVE,Principal Arterial,40.0,6,57,5,10.031471654374682
301104603,2026-09-25,2026-09-25 08:50:00,2026,9,Friday,8,35.053364,-89.8783,Possible Injury,Pedestrian,Intersection-In Crosswalk,AccelDecelLane,Daylight,Not Collision with Motor Vehicle in Transport,Pedestrian,1,True,City of Memphis,,,,,,,2820.048683410718
301103222,2026-09-17,2026-09-17 19:45:00,2026,9,Thursday,19,35.217407,-89.90965,Possible Injury,Pedestrian,Intersection-On Roadway Crosswalk Not Available,Through Roadway,Dark-Not Lighted,Not Collision with Motor Vehicle in Transport,Pedestrian,1,True,City of Memphis,,,,,,,231.78322581514493
301103904,2026-09-21,2026-09-21 21:00:00,2026,9,Monday,21,35.2248,-90.001884,Possible Injury,Pedestrian,Not Intersection-On Roadway Crosswalk Availability Unknown,Non-Junction,Dark-Lighted,Not Collision with Motor Vehicle in Transport,Pedestrian,1,True,City of Memphis,,,,,,,1635.3853965576423
301103015,2026-09-16,2026-09-16 15:58:00,2026,9,Wednesday,15,35.218304,-89.92738,Possible Injury,Pedestrian,Not Intersection-On Roadway Crosswalk not Available,Intersection-Related,Daylight,Not Collision with Motor Vehicle in Transport,Pedestrian,1,True,City of Memphis,,,,,,,1082.1425927109992
301103685,2026-09-20,2026-09-20 15:11:00,2026,9,Sunday,15,35.18658,-89.88646,Possible Injury,Pedestrian,Intersection-In Crosswalk,Non-Junction,Daylight,Not Collision with Motor Vehicle in Transport,Pedestrian,1,True,City of Memphis,,,,,,,888.0143361899954
301103698,2026-09-20,2026-09-20 19:30:00,2026,9,Sunday,19,35.240242,-89.93011,Possible Injury,Pedestrian,Not Intersection-On Roadway Not In Crosswalk,Through Roadway,Dark-Lighted,Not Collision with Motor Vehicle in Transport,Pedestrian,1,True,City of Memphis,,,,,,,2813.246910608344
301104288,2026-09-23,2026-09-23 05:50:00,2026,9,Wednesday,5,35.057175,-89.922295,Suspected Serious Injury,Pedestrian,Not Intersection-Other Not On Roadway,OtherLocation,Dark-Lighted,Not Collision with Motor Vehicle in Transport,Other,2,True,City of Memphis,,,,,,,675.5596261294867
301077651,2026-04-28,2026-04-28 00:25:00,2026,4,Tuesday,0,35.06306,-89.905334,Fatal,Pedestrian,Not Intersection-On Roadway Crosswalk Availability Unknown,OtherLocation,Dark-Lighted,Not Collision with Motor Vehicle in Transport,Pedestrian,1,True,City of Memphis,,,,,,,2215.0091110341923
301104308,2026-09-22,2026-09-22 14:32:00,2026,9,Tuesday,14,35.13117,-89.986176,Possible Injury,Pedestrian,Intersection-On Roadway Crosswalk Not Available,AccelDecelLane,Daylight,Not Collision with Motor Vehicle in Transport,Pedestrian,1,True,City of Memphis,,,,,,,196.84023161090892
301104528,2026-09-24,2026-09-24 23:27:00,2026,9,Thursday,23,35.178772,-89.926865,Suspected Serious Injury,Pedestrian,Intersection-Unknown,Intersection,Dark-Lighted,Not Collision with Motor Vehicle in Transport,Pedestrian,1,True,City of Memphis,,,,,,,720.7171946941971
301103729,2026-09-21,2026-09-21 01:15:00,2026,9,Monday,1,35.181332,-89.933793,Fatal,Pedestrian,Not Intersection-On Roadway Crosswalk not Available,Non-Junction,Dark-Lighted,Not Collision with Motor Vehicle in Transport,Pedestrian,1,True,City of Memphis,,,,,,,38.68884748818828
300939947,2024-02-07,2024-02-07 15:30:00,2024,2,Wednesday,15,35.14416,-90.01663,Possible Injury,Pedestrian,Not Intersection-Outside Traffic,"Driveway, Alley Access, etc",Daylight,Not Collision with Motor Vehicle in Transport,Pedestrian,1,True,City of Memphis,,,,,,,801.5166506668162
300942228,2024-02-20,2024-02-20 21:52:00,2024,2,Tuesday,21,35.2166,-90.02861,Possible Injury,Pedestrian,Not Intersection-Outside Traffic,Unknown,Dark-Not Lighted,Not Collision with Motor Vehicle in Transport,Pedestrian,1,True,City of Memphis,,,,,,,148.17791577082238
300941389,2024-02-16,2024-02-16 08:28:00,2024,2,Friday,8,35.03523,-90.00727,Possible Injury,Pedestrian,Intersection-In Crosswalk,Intersection-Related,Daylight,Not Collision with Motor Vehicle in Transport,Pedestrian,1,True,City of Memphis,,,,,,,1571.3070559529363
300939738,2024-02-07,2024-02-07 14:47:00,2024,2,Wednesday,14,35.116596,-89.90878,Possible Injury,Pedestrian,Intersection-Unknown,AccelDecelLane,Daylight,Not Collision with Motor Vehicle in Transport,Pedestrian,1,True,City of Memphis,,,,,,,43.71230622000314
300939951,2024-02-04,2024-02-04 11:00:00,2024,2,Sunday,11,35.23399,-89.89301,Suspected Serious Injury,Pedestrian,Not Intersection-Unknown,Unknown,Daylight,Not Collision with Motor Vehicle in Transport,Pedestrian,1,True,City of Memphis,,,,,,,62.9896923887765
300941629,2024-02-13,2024-02-13 20:59:00,2024,2,Tuesday,20,35.11744,-89.94505,Possible Injury,Pedestrian,Intersection-In Crosswalk,Intersection,Dark-Not Lighted,Not Collision with Motor Vehicle in Transport,Pedestrian,1,True,City of Memphis,,,,,,,1112.6974062375077
300937885,2024-01-28,2024-01-28 12:25:00,2024,1,Sunday,12,35.088028,-89.89613,Suspected Minor Injury,Pedestrian,Intersection-On Roadway Crosswalk Not Available,Intersection,Daylight,Not Collision with Motor Vehicle in Transport,Pedestrian,1,True,City of Memphis,,,,,,,1925.1118547602375
300939243,2024-02-03,2024-02-03 19:00:00,2024,2,Saturday,19,35.156513,-90.035866,Possible Injury,Pedestrian,Intersection-Not on Roadway,OtherLocation,Dark-Lighted,Not Collision with Motor Vehicle in Transport,Pedestrian,1,True,TDOT,JACKSON AVE,Principal Arterial,35.0,4,14,7,4.662758873197413
300942024,2024-02-20,2024-02-20 09:45:00,2024,2,Tuesday,9,35.04483,-90.05732,Suspected Serious Injury,Pedestrian,Intersection-On Roadway Crosswalk Not Available,Intersection-Related,Daylight,Not Collision with Motor Vehicle in Transport,Pedestrian,1,True,City of Memphis,,,,,,,589.6804020129028
300938415,2024-01-30,2024-01-30 21:27:00,2024,1,Tuesday,21,35.00638,-90.02528,Possible Injury,Pedestrian,Not Intersection-On Roadway Not In Crosswalk,AccelDecelLane,Dark-Not Lighted,Other,Other,1,True,TDOT,ELVIS PRESLEY BLVD,Principal Arterial,40.0,5,3,3,0.03771758794898093
300939087,2024-01-29,2024-01-29 00:00:00,2024,1,Monday,0,35.145138,-90.031746,Possible Injury,Pedestrian,Intersection-On Roadway not in Crosswalk,Intersection,Dark-Not Lighted,Not Collision with Motor Vehicle in Transport,Pedestrian,1,True,City of Memphis,,,,,,,740.9813598882411
300937709,2024-01-26,2024-01-26 21:58:00,2024,1,Friday,21,35.107098,-89.98816,Possible Injury,Pedestrian,Intersection-On Roadway not in Crosswalk,OtherLocation,Dark-Lighted,Not Collision with Motor Vehicle in Transport,Pedestrian,1,True,City of Memphis,,,,,,,63.96653404672249
300941663,2024-02-17,2024-02-17 00:00:00,2024,2,Saturday,99,35.177235,-89.78453,No Injury,Other Non-Motorist,Unknown,Non-Junction,Unknown,Rear to Side,Other,1,True,City of Memphis,,,,,,,767.935055905888
300941851,2024-02-19,2024-02-19 09:30:00,2024,2,Monday,9,35.150013,-89.965576,Possible Injury,Pedestrian,Not Intersection-Outside Traffic,Non-Junction,Daylight,Not Collision with Motor Vehicle in Transport,Pedestrian,1,True,City of Memphis,,,,,,,44.04257464565355
300938173,2024-01-30,2024-01-30 03:43:00,2024,1,Tuesday,3,35.16954,-89.986885,Possible Injury,Pedestrian,Intersection-Unknown,Unknown,Dark-Lighted,Not Collision with Motor Vehicle in Transport,Pedestrian,1,True,City of Memphis,,,,,,,1114.039631411758
300914146,2023-09-30,2023-09-30 01:08:00,2023,9,Saturday,1,35.10479,-89.97786,Suspected Serious Injury,Pedestrian,Intersection-On Roadway Crosswalk Not Available,Intersection,Dark-Lighted,Not Collision with Motor Vehicle in Transport,Pedestrian,1,True,City of Memphis,,,,,,,384.4709813381621
300929665,2023-12-13,2023-12-13 18:07:00,2023,12,Wednesday,18,35.11741,-89.94256,Possible Injury,Pedestrian,Intersection-On Roadway Crosswalk availability Unknown,Intersection,Dark-Lighted,Not Collision with Motor Vehicle in Transport,Pedestrian,1,True,City of Memphis,,,,,,,1058.909464352069
300914781,2023-10-01,2023-10-01 17:51:00,2023,10,Sunday,17,35.16121,-89.824684,Possible Injury,Pedestrian,Not Intersection-Outside Traffic,OtherLocation,Daylight,Not Collision with Motor Vehicle in Transport,Pedestrian,1,False,Suburban-Shelby,,,,,,,
300934493,2024-01-08,2024-01-08 18:00:00,2024,1,Monday,18,35.137287,-90.02113,Unknown,Pedestrian,Not Intersection-On Roadway Not In Crosswalk,AccelDecelLane,Dark-Lighted,Not Collision with Motor Vehicle in Transport,Pedestrian,1,True,TDOT,UNION AVE,Principal Arterial,35.0,6,3,6,4.647149300632669
300934371,2024-01-06,2024-01-06 18:35:00,2024,1,Saturday,18,35.32871,-89.92298,No Injury,Pedestrian,Not Intersection-Outside Traffic,Non-Junction,Dark-Lighted,Not Collision with Motor Vehicle in Transport,Other,1,False,Suburban-Shelby,,,,,,,
300899629,2023-07-12,2023-07-12 11:50:00,2023,7,Wednesday,11,35.163986,-89.73691,No Injury,Pedestrian,Not Intersection-Outside Traffic,Intersection,Daylight,Angle,Other,1,False,Suburban-Shelby,,,,,,,
300932272,2023-12-26,2023-12-26 17:42:00,2023,12,Tuesday,17,35.10049,-89.8543,Suspected Minor Injury,Pedestrian,Not Intersection-On Roadway Not In Crosswalk,Non-Junction,Dark-Lighted,Not Collision with Motor Vehicle in Transport,Pedestrian,1,True,City of Memphis,,,,,,,53.692539833905016
300935624,2024-01-11,2024-01-11 07:30:00,2024,1,Thursday,7,35.10098,-90.01408,Possible Injury,Pedestrian,Not Intersection-Adjacent to Roadway,Non-Junction,Daylight,Angle,Other,1,True,City of Memphis,,,,,,,417.77393552960467
300935922,2024-01-09,2024-01-09 21:35:00,2024,1,Tuesday,21,35.009399,-89.777131,No Injury,Pedestrian,Not Intersection-Outside Traffic,Non-Junction,Dark-Not Lighted,Not Collision with Motor Vehicle in Transport,Other,1,False,Suburban-Shelby,,,,,,,
300932453,2023-12-24,2023-12-24 21:35:00,2023,12,Sunday,21,35.171764,-90.03605,Possible Injury,Pedestrian,Not Intersection-On Roadway Not In Crosswalk,Intersection,Dark-Lighted,Not Collision with Motor Vehicle in Transport,Pedestrian,1,True,TDOT,THOMAS ST,Minor Arterial,35.0,4,3,7,0.05576943466824122
300930370,2023-12-16,2023-12-16 21:50:00,2023,12,Saturday,21,35.140656,-90.05613,Possible Injury,Pedestrian,Intersection-On Roadway Crosswalk availability Unknown,Intersection,Dark-Lighted,Unknown,Other,1,True,City of Memphis,,,,,,,249.25954299982752
300932015,2023-12-24,2023-12-24 23:50:00,2023,12,Sunday,23,35.055607,-89.85654,Possible Injury,Pedestrian,Not Intersection-On Roadway Not In Crosswalk,SharedUsePathOrTrail,Dark-Unknown Lighting,Not Collision with Motor Vehicle in Transport,Pedestrian,1,True,City of Memphis,,,,,,,1612.1345208291514
300932772,2023-12-29,2023-12-29 17:00:00,2023,12,Friday,17,35.073807,-89.94823,Possible Injury,Pedestrian,Intersection-Not on Roadway,Non-Junction,Dark-Lighted,Not Collision with Motor Vehicle in Transport,Pedestrian,1,True,TDOT,LAMAR AVE,Principal Arterial,40.0,7,4,4,3.45261473090589
300930392,2023-12-17,2023-12-17 00:48:00,2023,12,Sunday,0,35.2081,-90.00367,Possible Injury,Pedestrian,Intersection-On Roadway Crosswalk availability Unknown,Non-Junction,Dark-Lighted,Not Collision with Motor Vehicle in Transport,Pedestrian,1,True,City of Memphis,,,,,,,2559.4360761105727
300940726,2024-02-13,2024-02-13 08:00:00,2024,2,Tuesday,8,35.034355,-90.01449,Possible Injury,Pedestrian,Intersection-In Crosswalk,Intersection,Daylight,Not Collision with Motor Vehicle in Transport,Pedestrian,1,True,City of Memphis,,,,,,,974.578440185098
300935903,2024-01-07,2024-01-07 14:21:00,2024,1,Sunday,14,35.02445,-90.0263,No Injury,Pedestrian,Not Intersection-Unknown,Non-Junction,Daylight,Not Collision with Motor Vehicle in Transport,Other,1,True,City of Memphis,,,,,,,100.30010521840367
300925149,2023-11-20,2023-11-20 13:00:00,2023,11,Monday,13,35.080994,-90.022575,No Injury,Pedestrian,Not Intersection-Unknown,Non-Junction,Daylight,Not Collision with Motor Vehicle in Transport,Other,1,True,City of Memphis,,,,,,,334.1866037545536
300931656,2023-12-22,2023-12-22 13:17:00,2023,12,Friday,13,35.166477,-89.95006,Possible Injury,Pedestrian,Not Intersection-Adjacent to Roadway,Non-Junction,Daylight,Not Collision with Motor Vehicle in Transport,Pedestrian,1,True,City of Memphis,,,,,,,43.02052612961994
300937256,2024-01-24,2024-01-24 18:33:00,2024,1,Wednesday,18,35.21021,-90.03286,Possible Injury,Pedestrian,Not Intersection-On Roadway Not In Crosswalk,AccelDecelLane,Dawn,Not Collision with Motor Vehicle in Transport,Pedestrian,1,True,TDOT,THOMAS ST,,40.0,2,3,7,25.98064099658865
300936215,2024-01-16,2024-01-16 19:00:00,2024,1,Tuesday,19,35.1721,-89.916954,Possible Injury,Pedestrian,Intersection-On Roadway Crosswalk availability Unknown,Non-Junction,Dark-Not Lighted,Not Collision with Motor Vehicle in Transport,Pedestrian,1,True,City of Memphis,,,,,,,1368.8136026673683
300935698,2024-01-13,2024-01-13 10:29:00,2024,1,Saturday,10,35.245056,-90.00627,Suspected Minor Injury,Pedestrian,Intersection-On Roadway not in Crosswalk,Intersection-Related,Daylight,Not Collision with Motor Vehicle in Transport,Pedestrian,1,True,TDOT,N US HIGHWAY 51,Principal Arterial,55.0,2,3,7,24.216061549771066
300929530,2023-12-12,2023-12-12 09:50:00,2023,12,Tuesday,9,35.178947,-90.021279,Possible Injury,Pedestrian,Not Intersection-Adjacent to Roadway,Non-Junction,Daylight,Other,Other,1,True,City of Memphis,,,,,,,1311.927928311027
300932285,2023-12-26,2023-12-26 18:46:00,2023,12,Tuesday,18,35.05005,-89.86638,Possible Injury,Pedestrian,Intersection-On Roadway not in Crosswalk,Non-Junction,Dusk,Not Collision with Motor Vehicle in Transport,Pedestrian,1,True,City of Memphis,,,,,,,2541.8172424614736
300931438,2023-12-21,2023-12-21 22:20:00,2023,12,Thursday,22,35.163002,-89.87765,Suspected Serious Injury,Pedestrian,Not Intersection-Adjacent to Roadway,Intersection,Dark-Lighted,Not Collision with Motor Vehicle in Transport,Pedal-cycle,1,True,TDOT,SUMMER AVE,Principal Arterial,45.0,4,1,1,3.038036805042975
300930743,2023-12-15,2023-12-15 14:15:00,2023,12,Friday,14,35.217148,-89.98453,Unknown,Pedestrian,Intersection-Unknown,Intersection,Daylight,Not Collision with Motor Vehicle in Transport,Pedestrian,1,True,City of Memphis,,,,,,,3416.3062945961715
300935426,2024-01-12,2024-01-12 07:40:00,2024,1,Friday,7,35.050167,-89.88562,Possible Injury,Pedestrian,Intersection-On Roadway Crosswalk availability Unknown,Intersection,Dark-Lighted,Not Collision with Motor Vehicle in Transport,Pedestrian,1,True,City of Memphis,,,,,,,2886.1510954065375
300929787,2023-12-13,2023-12-13 21:49:00,2023,12,Wednesday,21,35.11906,-89.94067,Possible Injury,Pedestrian,Intersection-In Crosswalk,Intersection,Dark-Not Lighted,Not Collision with Motor Vehicle in Transport,Pedestrian,1,True,City of Memphis,,,,,,,839.085417609747
300909242,2023-09-05,2023-09-05 20:00:00,2023,9,Tuesday,20,35.26113,-89.927155,No Injury,Pedestrian,Unknown,Non-Junction,Dark-Lighted,Not Collision with Motor Vehicle in Transport,Other,1,True,City of Memphis,,,,,,,4059.6100440799505
300931181,2023-12-20,2023-12-20 20:08:00,2023,12,Wednesday,20,35.18957,-89.92806,Suspected Serious Injury,Pedestrian,Not Intersection-On Roadway Not In Crosswalk,Non-Junction,Dark-Lighted,Not Collision with Motor Vehicle in Transport,Pedestrian,1,True,City of Memphis,,,,,,,37.76091773391071
300932221,2023-12-22,2023-12-22 08:15:00,2023,12,Friday,8,35.079124,-90.01563,Possible Injury,Pedestrian,Intersection-On Roadway Crosswalk Not Available,Unknown,Daylight,Not Collision with Motor Vehicle in Transport,Pedestrian,1,True,City of Memphis,,,,,,,325.0464523797866
300930678,2023-12-17,2023-12-17 20:30:00,2023,12,Sunday,20,35.090458,-89.93107,Possible Injury,Pedestrian,Not Intersection-On Roadway Not In Crosswalk,AccelDecelLane,Dark-Lighted,Not Collision with Motor Vehicle in Transport,Pedestrian,1,True,City of Memphis,,,,,,,1107.022776411824