MstrRecNbrTxt,CollisionDate,CollisionDteTime,YearNmb,Month,DayOfWeek,Hour,Latitude,Longitude,InjuryClass,PersonType,NonMotoristLocation,RelationToJunction,LightCondition,MannerOfCollision,FirstHarmfulEvent,VictimsInCrash,InMemphis,Jurisdiction,StateRoute_NAME,StateRoute_F_System,StateRoute_SPDLIMIT,StateRoute_LANES,StateRoute_ALTNAME_1,StateRoute_Council_District,DistToStateRoute_m
300935626,2024-01-13,2024-01-13 05:45:00,2024,1,Saturday,5,35.051266,-90.00558,Possible Injury,Pedestrian,Intersection-In Crosswalk,AccelDecelLane,Dark-Lighted,Not Collision with Motor Vehicle in Transport,Pedestrian,1,True,City of Memphis,,,,,,,1776.5939869276874
300922681,2023-11-08,2023-11-08 20:42:00,2023,11,Wednesday,20,35.143936,-89.89806,Fatal,Pedestrian,Not Intersection-On Roadway Not In Crosswalk,Non-Junction,Dark-Lighted,Not Collision with Motor Vehicle in Transport,Pedestrian,1,True,City of Memphis,,,,,,,518.6939325465497
300930135,2023-12-15,2023-12-15 18:17:00,2023,12,Friday,18,35.006474,-89.98989,Suspected Serious Injury,Pedestrian,Not Intersection-On Roadway Crosswalk not Available,AccelDecelLane,Dark-Lighted,Not Collision with Motor Vehicle in Transport,Pedestrian,1,True,City of Memphis,,,,,,,1621.0658323129085
300929636,2023-12-12,2023-12-12 18:00:00,2023,12,Tuesday,18,35.0687,-89.98752,Possible Injury,Pedestrian,Intersection-On Roadway not in Crosswalk,Intersection,Dark-Lighted,Not Collision with Motor Vehicle in Transport,Pedestrian,1,True,City of Memphis,,,,,,,2993.713055209372
300933726,2024-01-05,2024-01-05 06:40:00,2024,1,Friday,6,35.21489,-89.894775,Possible Injury,Pedestrian,Intersection-In Crosswalk,Intersection,Daylight,Not Collision with Motor Vehicle in Transport,Pedestrian,1,True,City of Memphis,,,,,,,34.381984100556
300898436,2023-07-13,2023-07-13 00:52:00,2023,7,Thursday,0,35.20091,-89.912476,Fatal,Pedestrian,Not Intersection-On Roadway Not In Crosswalk,Non-Junction,Dark-Lighted,Not Collision with Motor Vehicle in Transport,Pedestrian,1,True,City of Memphis,,,,,,,566.0014016225538
300935901,2024-01-14,2024-01-14 05:00:00,2024,1,Sunday,5,35.09865,-89.91224,Possible Injury,Pedestrian,Intersection-In Crosswalk,Intersection,Dark-Not Lighted,Not Collision with Motor Vehicle in Transport,Pedestrian,1,True,City of Memphis,,,,,,,1976.3983991726489
300930948,2023-12-18,2023-12-18 21:40:00,2023,12,Monday,21,35.140484,-89.98288,Suspected Minor Injury,Pedestrian,Intersection-On Roadway not in Crosswalk,Intersection-Related,Dark-Lighted,Other,Other,1,True,TDOT,E PARKWAY,Principal Arterial,40.0,3,277,5,3.423257970760932
300926176,2023-11-24,2023-11-24 09:22:00,2023,11,Friday,9,35.086906,-89.92768,Fatal,Pedestrian,Not Intersection-On Roadway Crosswalk not Available,Non-Junction,Daylight,Not Collision with Motor Vehicle in Transport,Pedestrian,1,True,City of Memphis,,,,,,,785.6250291179132
300941070,2024-02-14,2024-02-14 16:10:00,2024,2,Wednesday,16,35.0104,-90.02526,Possible Injury,Pedestrian,Intersection-On Roadway not in Crosswalk,Intersection-Related,Daylight,Not Collision with Motor Vehicle in Transport,Pedestrian,1,True,TDOT,ELVIS PRESLEY BLVD,Principal Arterial,40.0,5,3,3,0.2563123780272443
300940514,2024-02-11,2024-02-11 18:07:00,2024,2,Sunday,18,35.219906,-89.97871,Suspected Serious Injury,Pedestrian,Intersection-On Roadway Crosswalk availability Unknown,Intersection,Daylight,Not Collision with Motor Vehicle in Transport,Pedestrian,1,True,City of Memphis,,,,,,,3673.4482611594804
300939616,2024-02-06,2024-02-06 20:44:00,2024,2,Tuesday,20,35.342285,-89.90883,Suspected Serious Injury,Pedestrian,Not Intersection-On Roadway Not In Crosswalk,Non-Junction,Dark-Lighted,Not Collision with Motor Vehicle in Transport,Pedestrian,1,False,Suburban-Shelby,,,,,,,
300939622,2024-02-06,2024-02-06 13:51:00,2024,2,Tuesday,13,35.206627,-89.90824,Possible Injury,Pedestrian,Intersection-On Roadway not in Crosswalk,Intersection,Daylight,Not Collision with Motor Vehicle in Transport,Pedestrian,1,True,TDOT,STAGE RD,Principal Arterial,45.0,6,15,1,4.608335799441317
300938545,2024-01-31,2024-01-31 19:36:00,2024,1,Wednesday,19,35.099407,-89.93087,Possible Injury,Pedestrian,Intersection-In Crosswalk,Intersection,Dark-Lighted,Not Collision with Motor Vehicle in Transport,Pedestrian,1,True,City of Memphis,,,,,,,2100.043579057684
300927558,2023-12-02,2023-12-02 23:54:00,2023,12,Saturday,23,35.208508,-89.99435,Fatal,Pedestrian,Not Intersection-Other Not On Roadway,Intersection,Dark-Lighted,Not Collision with Motor Vehicle in Transport,Other,2,True,City of Memphis,,,,,,,3228.421977285844
300937595,2024-01-26,2024-01-26 18:00:00,2024,1,Friday,18,35.082268,-89.97191,Suspected Minor Injury,Pedestrian,Not Intersection-Bike Path,OtherLocation,Dark-Lighted,Not Collision with Motor Vehicle in Transport,Pedestrian,1,True,City of Memphis,,,,,,,943.0101409281283
300930681,2023-12-07,2023-12-07 18:17:00,2023,12,Thursday,18,35.205447,-89.834936,Suspected Serious Injury,Pedestrian,Not Intersection-On Roadway Not In Crosswalk,Intersection-Related,Dark-Lighted,Not Collision with Motor Vehicle in Transport,Pedestrian,1,False,Suburban-Shelby,,,,,,,
300940372,2024-02-11,2024-02-11 02:05:00,2024,2,Sunday,2,35.115723,-89.96846,No Injury,Other Non-Motorist,Unknown,OtherLocation,Dark-Not Lighted,Not Collision with Motor Vehicle in Transport,Other,1,True,City of Memphis,,,,,,,1460.603851505565
300940554,2024-02-12,2024-02-12 11:28:00,2024,2,Monday,11,35.030006,-90.02422,Possible Injury,Pedestrian,Not Intersection-Other Not On Roadway,Non-Junction,Daylight,Not Collision with Motor Vehicle in Transport,Pedestrian,1,True,City of Memphis,,,,,,,87.68376938291281
300938377,2024-01-30,2024-01-30 00:00:00,2024,1,Tuesday,99,35.13146,-90.02999,Unknown,Other Non-Motorist,Intersection-Unknown,AccelDecelLane,Unknown,Angle,Other,1,True,City of Memphis,,,,,,,43.14217674220798
300966598,2024-07-17,2024-07-17 07:20:00,2024,7,Wednesday,7,35.1367,-90.019356,Possible Injury,Pedestrian,Intersection-In Crosswalk,Unknown,Daylight,Not Collision with Motor Vehicle in Transport,Pedestrian,1,True,City of Memphis,,,,,,,49.93936790364001
300884550,2023-05-03,2023-05-03 20:13:00,2023,5,Wednesday,20,35.340515,-89.91088,Fatal,Pedestrian,Not Intersection-On Roadway Not In Crosswalk,Non-Junction,Dark-Lighted,Not Collision with Motor Vehicle in Transport,Pedestrian,1,False,Suburban-Shelby,,,,,,,
300966573,2024-07-17,2024-07-17 00:00:00,2024,7,Wednesday,99,35.138954,-90.0459,Suspected Serious Injury,Pedestrian,Intersection-In Crosswalk,Intersection,Unknown,Not Collision with Motor Vehicle in Transport,Pedestrian,1,True,TDOT,S DANNY THOMAS BLVD,Principal Arterial,35.0,4,1,6,0.7020976177878029
300858189,2023-01-01,2023-01-01 10:08:00,2023,1,Sunday,10,35.08672,-89.931175,Suspected Serious Injury,Pedestrian,Intersection-In Crosswalk,Intersection,Daylight,Not Collision with Motor Vehicle in Transport,Pedestrian,1,True,City of Memphis,,,,,,,692.2017551267472
300861245,2023-01-16,2023-01-16 19:03:00,2023,1,Monday,19,35.05556,-90.07048,Suspected Serious Injury,Pedestrian,Intersection-In Crosswalk,Intersection,Dark-Lighted,Not Collision with Motor Vehicle in Transport,Pedestrian,1,True,City of Memphis,,,,,,,934.951519190071
300858766,2023-01-04,2023-01-04 00:00:00,2023,1,Wednesday,0,35.209473,-90.032715,Suspected Serious Injury,Pedestrian,Intersection-On Roadway not in Crosswalk,Non-Junction,Dark-Not Lighted,Not Collision with Motor Vehicle in Transport,Pedestrian,1,True,TDOT,THOMAS ST,,40.0,2,3,7,0.6292259868481577
300859362,2023-01-06,2023-01-06 16:45:00,2023,1,Friday,16,35.0261,-90.00753,Possible Injury,Pedestrian,Not Intersection-On Roadway Not In Crosswalk,AccelDecelLane,Daylight,Not Collision with Motor Vehicle in Transport,Pedestrian,3,True,City of Memphis,,,,,,,558.3440889313058
300860362,2023-01-11,2023-01-11 19:58:00,2023,1,Wednesday,19,35.1757,-89.89697,Suspected Serious Injury,Pedestrian,Not Intersection-On Roadway Crosswalk not Available,AccelDecelLane,Dark-Not Lighted,Not Collision with Motor Vehicle in Transport,Pedestrian,1,True,TDOT,COVINGTON PIKE,Principal Arterial,45.0,2,204,1,1.1044918418610985
300860817,2023-01-12,2023-01-12 14:00:00,2023,1,Thursday,14,35.151516,-89.89816,No Injury,Other Non-Motorist,Intersection-Unknown,Intersection,Daylight,Not Collision with Motor Vehicle in Transport,Other,1,True,City of Memphis,,,,,,,319.5450831720526
300861535,2023-01-18,2023-01-18 09:20:00,2023,1,Wednesday,9,35.086098,-89.9416,Possible Injury,Pedestrian,Unknown,Non-Junction,Daylight,Not Collision with Motor Vehicle in Transport,Other,2,True,City of Memphis,,,,,,,1126.9386984706757
300858269,2023-01-01,2023-01-01 21:41:00,2023,1,Sunday,21,35.02959,-90.01794,Possible Injury,Pedestrian,Not Intersection-On Roadway Not In Crosswalk,AccelDecelLane,Dark-Not Lighted,Not Collision with Motor Vehicle in Transport,Pedestrian,1,True,City of Memphis,,,,,,,660.7740506685366
300860889,2023-01-14,2023-01-14 16:05:00,2023,1,Saturday,16,35.136528,-90.05566,Possible Injury,Pedestrian,Intersection-In Crosswalk,Intersection-Related,Daylight,Not Collision with Motor Vehicle in Transport,Pedestrian,1,True,TDOT,S SECOND ST,Minor Arterial,35.0,2,14,6,2.2253796857439303
300859928,2023-01-09,2023-01-09 12:40:00,2023,1,Monday,12,35.066715,-89.83936,Possible Injury,Pedestrian,Not Intersection-Adjacent to Roadway,SharedUsePathOrTrail,Daylight,Not Collision with Motor Vehicle in Transport,Pedestrian,1,True,City of Memphis,,,,,,,201.20335225552427
300859924,2023-01-09,2023-01-09 15:52:00,2023,1,Monday,15,35.04934,-89.88578,No Injury,Pedestrian,Not Intersection-On Roadway Not In Crosswalk,AccelDecelLane,Daylight,Not Collision with Motor Vehicle in Transport,Pedestrian,1,True,City of Memphis,,,,,,,2814.3362697195826
300861083,2023-01-15,2023-01-15 03:04:00,2023,1,Sunday,3,35.19199,-90.007965,Possible Injury,Pedestrian,Not Intersection-Unknown,Unknown,Dark-Not Lighted,Not Collision with Motor Vehicle in Transport,Pedestrian,1,True,City of Memphis,,,,,,,2466.1619316900596
300861622,2023-01-16,2023-01-16 20:10:00,2023,1,Monday,20,35.085697,-89.90716,Suspected Serious Injury,Pedestrian,Intersection-On Roadway Crosswalk Not Available,Non-Junction,Dark-Lighted,Front to Rear,Other,1,True,City of Memphis,,,,,,,2276.6273295216047
300859656,2023-01-07,2023-01-07 19:40:00,2023,1,Saturday,19,35.099323,-89.84542,Possible Injury,Pedestrian,Intersection-On Roadway Crosswalk availability Unknown,Intersection,Dark-Lighted,Not Collision with Motor Vehicle in Transport,Pedestrian,2,True,TDOT,POPLAR AVE,Principal Arterial,40.0,7,57,2,3.6282573727104004
300859667,2023-01-07,2023-01-07 18:55:00,2023,1,Saturday,18,35.033012,-90.02144,Possible Injury,Pedestrian,Intersection-On Roadway Crosswalk Not Available,Intersection,Dark-Not Lighted,Not Collision with Motor Vehicle in Transport,Pedestrian,1,True,City of Memphis,,,,,,,340.6193832991055
300858949,2023-01-04,2023-01-04 15:10:00,2023,1,Wednesday,15,35.11676,-90.03054,Possible Injury,Pedestrian,Not Intersection-On Roadway Crosswalk not Available,SharedUsePathOrTrail,Daylight,Not Collision with Motor Vehicle in Transport,Pedestrian,1,True,City of Memphis,,,,,,,816.8513402500857
300859466,2023-01-07,2023-01-07 00:03:00,2023,1,Saturday,0,35.14826,-90.043564,Possible Injury,Pedestrian,Intersection-On Roadway Crosswalk availability Unknown,Intersection,Dark-Lighted,Not Collision with Motor Vehicle in Transport,Pedestrian,1,True,TDOT,N DANNY THOMAS BLVD,Principal Arterial,35.0,7,1,7,1.394637586416222
300858660,2023-01-02,2023-01-02 22:45:00,2023,1,Monday,22,35.234222,-89.925735,Suspected Serious Injury,Pedestrian,Not Intersection-On Roadway Not In Crosswalk,Intersection,Dark-Lighted,Not Collision with Motor Vehicle in Transport,Pedestrian,1,True,City of Memphis,,,,,,,2082.267352723347
300860961,2023-01-14,2023-01-14 18:35:00,2023,1,Saturday,18,35.06228,-89.88635,Possible Injury,Pedestrian,Not Intersection-On Roadway Not In Crosswalk,Intersection,Dark-Lighted,Not Collision with Motor Vehicle in Transport,Pedestrian,1,True,City of Memphis,,,,,,,2241.2088600332117
300860031,2023-01-03,2023-01-03 12:00:00,2023,1,Tuesday,12,35.077984,-90.02098,No Injury,Other Non-Motorist,Unknown,Non-Junction,Daylight,Not Collision with Motor Vehicle in Transport,Other,1,True,City of Memphis,,,,,,,129.39967633498196
300860549,2023-01-12,2023-01-12 20:20:00,2023,1,Thursday,20,35.06016,-89.84379,Possible Injury,Pedestrian,Intersection-In Crosswalk,Intersection-Related,Dark-Not Lighted,Not Collision with Motor Vehicle in Transport,Pedestrian,1,True,City of Memphis,,,,,,,561.9511437548804
300859497,2023-01-07,2023-01-07 17:54:00,2023,1,Saturday,17,35.048244,-90.082054,Unknown,Pedestrian,Intersection-Unknown,Intersection,Dark-Lighted,Not Collision with Motor Vehicle in Transport,Pedestrian,1,True,City of Memphis,,,,,,,1525.0835637256698
300860561,2023-01-11,2023-01-11 20:00:00,2023,1,Wednesday,20,35.055153,-89.856476,Possible Injury,Pedestrian,Intersection-On Roadway Crosswalk Not Available,Non-Junction,Dawn,Not Collision with Motor Vehicle in Transport,Pedestrian,1,True,City of Memphis,,,,,,,1655.8834074223232
300864771,2023-02-02,2023-02-02 22:00:00,2023,2,Thursday,22,35.046165,-90.0574,No Injury,Pedestrian,Not Intersection-Other Not On Roadway,Unknown,Unknown,Not Collision with Motor Vehicle in Transport,Other,1,True,City of Memphis,,,,,,,523.3576985319885
300863294,2023-01-26,2023-01-26 18:44:00,2023,1,Thursday,18,35.221054,-89.96052,Possible Injury,Pedestrian,Intersection-On Roadway not in Crosswalk,Intersection,Dawn,Not Collision with Motor Vehicle in Transport,Pedestrian,1,True,City of Memphis,,,,,,,3781.1973868584523
300867899,2023-02-18,2023-02-18 19:47:00,2023,2,Saturday,19,35.128242,-90.06182,Possible Injury,Pedestrian,Intersection-In Crosswalk,Intersection,Dark-Lighted,Not Collision with Motor Vehicle in Transport,Pedestrian,1,True,City of Memphis,,,,,,,394.4880919375932
300862283,2023-01-21,2023-01-21 19:47:00,2023,1,Saturday,19,35.13463,-90.04869,Possible Injury,Pedestrian,Not Intersection-Bike Path,AccelDecelLane,Dark-Lighted,Not Collision with Motor Vehicle in Transport,Pedestrian,1,True,City of Memphis,,,,,,,191.351397248328
300866809,2023-02-12,2023-02-12 21:03:00,2023,2,Sunday,21,35.16381,-90.0092,Possible Injury,Pedestrian,Intersection-On Roadway Crosswalk Not Available,AccelDecelLane,Unknown,Not Collision with Motor Vehicle in Transport,Pedestrian,1,True,City of Memphis,,,,,,,538.5587598279825
300862071,2023-01-20,2023-01-20 17:00:00,2023,1,Friday,17,35.061424,-90.023605,Possible Injury,Pedestrian,Intersection-In Crosswalk,Intersection,Dusk,Not Collision with Motor Vehicle in Transport,Pedestrian,1,True,TDOT,ELVIS PRESLEY BLVD,Principal Arterial,40.0,6,3,6,1.8898952633276798
300868423,2023-02-21,2023-02-21 09:40:00,2023,2,Tuesday,9,35.124565,-89.90786,Possible Injury,Pedestrian,Not Intersection-Adjacent to Roadway,Intersection,Daylight,Not Collision with Motor Vehicle in Transport,Pedestrian,1,True,City of Memphis,,,,,,,728.9457465203587
300867695,2023-02-17,2023-02-17 19:00:00,2023,2,Friday,19,35.06423,-89.845,Suspected Serious Injury,Pedestrian,Not Intersection-On Roadway Not In Crosswalk,Non-Junction,Dawn,Not Collision with Motor Vehicle in Transport,Pedestrian,1,True,City of Memphis,,,,,,,307.4659022138898
300868158,2023-02-16,2023-02-16 18:10:00,2023,2,Thursday,18,35.245083,-89.793088,Suspected Minor Injury,Pedestrian,Not Intersection-Unknown,SharedUsePathOrTrail,Dark-Lighted,Not Collision with Motor Vehicle in Transport,Pedestrian,1,False,Suburban-Shelby,,,,,,,
300863323,2023-01-26,2023-01-26 22:40:00,2023,1,Thursday,22,35.010193,-90.00763,No Injury,Pedestrian,Not Intersection-Unknown,Intersection-Related,Dark-Not Lighted,Angle,Other,1,True,City of Memphis,,,,,,,1206.1447141587255
300867946,2023-02-19,2023-02-19 00:20:00,2023,2,Sunday,0,35.15307,-89.88861,Suspected Serious Injury,Pedestrian,Intersection-Unknown,Intersection,Dark-Lighted,Not Collision with Motor Vehicle in Transport,Pedestrian,1,True,TDOT,SUMMER AVE,Principal Arterial,40.0,7,1,5,2.9276120821757807
300862832,2023-01-24,2023-01-24 16:05:00,2023,1,Tuesday,16,35.02104,-89.98982,Unknown,Pedestrian,Intersection-On Roadway not in Crosswalk,Intersection,Daylight,Not Collision with Motor Vehicle in Transport,Pedestrian,1,True,TDOT,E SHELBY DR,Principal Arterial,40.0,7,175,3,5.2278720652902315
300862344,2023-01-22,2023-01-22 01:30:00,2023,1,Sunday,1,35.083305,-90.01855,Possible Injury,Pedestrian,Not Intersection-On Roadway Not In Crosswalk,Intersection,Dark-Lighted,Not Collision with Motor Vehicle in Transport,Pedestrian,1,True,TDOT,ELVIS PRESLEY BLVD,Minor Arterial,40.0,4,3,6,0.025171471139501026
300861852,2023-01-18,2023-01-18 17:32:00,2023,1,Wednesday,17,35.085995,-89.96237,Possible Injury,Pedestrian,Intersection-On Roadway Crosswalk availability Unknown,Intersection-Related,Dark-Not Lighted,Not Collision with Motor Vehicle in Transport,Pedestrian,1,True,TDOT,LAMAR AVE,Principal Arterial,40.0,5,4,4,3.2955919255992128
300862589,2023-01-23,2023-01-23 08:00:00,2023,1,Monday,8,35.057922,-90.08071,Suspected Minor Injury,Other Non-Motorist,Unknown,AccelDecelLane,Daylight,Not Collision with Motor Vehicle in Transport,Pedestrian,2,True,City of Memphis,,,,,,,1901.0869151816253
300867963,2023-02-16,2023-02-16 18:00:00,2023,2,Thursday,18,35.145138,-90.031746,Possible Injury,Pedestrian,Intersection-Unknown,Unknown,Unknown,Unknown,Other,1,True,City of Memphis,,,,,,,740.9813598882411
300862887,2023-01-23,2023-01-23 17:48:00,2023,1,Monday,17,35.062195,-89.85703,Suspected Serious Injury,Pedestrian,Intersection-In Crosswalk,Intersection,Dawn,Not Collision with Motor Vehicle in Transport,Pedestrian,1,True,City of Memphis,,,,,,,961.0805311888058
300867496,2023-02-16,2023-02-16 18:10:00,2023,2,Thursday,18,35.158142,-90.01176,Suspected Minor Injury,Pedestrian,Intersection-On Roadway not in Crosswalk,AccelDecelLane,Dark-Not Lighted,Not Collision with Motor Vehicle in Transport,Pedestrian,1,True,TDOT,JACKSON AVE,Principal Arterial,35.0,4,14,7,4.859198920869678
300863135,2023-01-21,2023-01-21 00:00:00,2023,1,Saturday,99,35.168309,-89.814305,No Injury,Pedestrian,Intersection-Not on Roadway,Non-Junction,Unknown,Not Collision with Motor Vehicle in Transport,Other,1,False,Suburban-Shelby,,,,,,,
300864171,2023-01-20,2023-01-20 15:30:00,2023,1,Friday,15,35.157675,-89.727615,No Injury,Pedestrian,Intersection-On Roadway Crosswalk Not Available,Intersection,Daylight,Not Collision with Motor Vehicle in Transport,Pedestrian,1,False,Suburban-Shelby,,,,,,,
300864461,2023-01-21,2023-01-21 23:19:00,2023,1,Saturday,23,35.083454,-90.02569,Possible Injury,Pedestrian,Not Intersection-Adjacent to Roadway,Entrance/Exit Ramp Related,Dark-Not Lighted,Not Collision with Motor Vehicle in Transport,Pedestrian,1,True,City of Memphis,,,,,,,649.8630810089344
300862673,2023-01-23,2023-01-23 19:30:00,2023,1,Monday,19,35.21309,-90.00359,Possible Injury,Pedestrian,Intersection-In Crosswalk,Intersection,Dark-Lighted,Not Collision with Motor Vehicle in Transport,Pedestrian,1,True,City of Memphis,,,,,,,2247.4513893862436
300862268,2023-01-21,2023-01-21 15:50:00,2023,1,Saturday,15,35.20146,-90.007744,Suspected Minor Injury,Pedestrian,Not Intersection-On Roadway Not In Crosswalk,Intersection-Related,Daylight,Angle,Other,1,True,City of Memphis,,,,,,,2386.9006571964433
300865750,2023-02-08,2023-02-08 00:20:00,2023,2,Wednesday,0,35.0533,-89.99128,Suspected Serious Injury,Pedestrian,Not Intersection-On Roadway Not In Crosswalk,Non-Junction,Dark-Lighted,Not Collision with Motor Vehicle in Transport,Pedestrian,1,True,City of Memphis,,,,,,,3069.1120077222295
300866299,2023-02-10,2023-02-10 14:21:00,2023,2,Friday,14,35.021023,-90.00753,Possible Injury,Pedestrian,Intersection-Not on Roadway,Intersection,Daylight,Angle,Other,1,True,TDOT,E SHELBY DR,Minor Arterial,40.0,7,175,3,4.930182143371714
300864254,2023-01-30,2023-01-30 20:40:00,2023,1,Monday,20,35.1069,-90.02119,Suspected Minor Injury,Pedestrian,Not Intersection-On Roadway Crosswalk Availability Unknown,Intersection,Dark-Lighted,Not Collision with Motor Vehicle in Transport,Pedestrian,1,True,TDOT,ELVIS PRESLEY BLVD,Minor Arterial,40.0,4,3,4,1.141694593306949
300864280,2023-01-28,2023-01-28 14:35:00,2023,1,Saturday,14,35.0133,-90.09468,Fatal,Pedestrian,Not Intersection-On Roadway Not In Crosswalk,Non-Junction,Daylight,Not Collision with Motor Vehicle in Transport,Pedestrian,1,True,City of Memphis,,,,,,,50.20447705938295
300861959,2023-01-19,2023-01-19 06:35:00,2023,1,Thursday,6,35.21169,-89.765051,Suspected Serious Injury,Pedestrian,Not Intersection-On Roadway Crosswalk not Available,Non-Junction,Dark-Not Lighted,Not Collision with Motor Vehicle in Transport,Pedestrian,1,False,Suburban-Shelby,,,,,,,
300863500,2023-01-27,2023-01-27 19:13:00,2023,1,Friday,19,35.09297,-89.93103,Suspected Serious Injury,Pedestrian,Intersection-On Roadway not in Crosswalk,AccelDecelLane,Dark-Lighted,Not Collision with Motor Vehicle in Transport,Pedestrian,1,True,City of Memphis,,,,,,,1385.7381949570765
300866060,2023-02-08,2023-02-08 19:00:00,2023,2,Wednesday,19,35.106213,-89.969765,Possible Injury,Pedestrian,Intersection-On Roadway not in Crosswalk,Non-Junction,Dark-Lighted,Not Collision with Motor Vehicle in Transport,Pedestrian,1,True,City of Memphis,,,,,,,913.2343312224942
300864284,2023-01-31,2023-01-31 17:30:00,2023,1,Tuesday,17,35.15775,-90.02433,Possible Injury,Pedestrian,Not Intersection-Unknown,Non-Junction,Daylight,Not Collision with Motor Vehicle in Transport,Other,1,True,City of Memphis,,,,,,,51.37163207397424
300863228,2023-01-26,2023-01-26 16:20:00,2023,1,Thursday,16,35.122772,-89.99094,Possible Injury,Pedestrian,Not Intersection-On Roadway Not In Crosswalk,Intersection,Dawn,Not Collision with Motor Vehicle in Transport,Pedestrian,1,True,City of Memphis,,,,,,,607.2186180082374
300863989,2023-01-30,2023-01-30 06:50:00,2023,1,Monday,6,35.175808,-89.76771,No Injury,Pedestrian,Not Intersection-Outside Traffic,Intersection-Related,Daylight,Not Collision with Motor Vehicle in Transport,Other,1,True,City of Memphis,,,,,,,2301.3109606333924
300867018,2023-02-14,2023-02-14 18:05:00,2023,2,Tuesday,18,35.135986,-90.020706,Suspected Serious Injury,Pedestrian,Intersection-On Roadway Crosswalk availability Unknown,Intersection,Dark-Lighted,Not Collision with Motor Vehicle in Transport,Pedestrian,1,True,TDOT,S BELLEVUE BLVD,Major Collector,35.0,4,3,6,0.06645317571575175
300873679,2023-03-16,2023-03-16 21:30:00,2023,3,Thursday,21,35.10955,-90.021736,Possible Injury,Pedestrian,Not Intersection-On Roadway Not In Crosswalk,Crossover-Related,Dark-Lighted,Not Collision with Motor Vehicle in Transport,Pedestrian,1,True,TDOT,ELVIS PRESLEY BLVD,Minor Arterial,35.0,5,3,4,1.2377861426740033
300870763,2023-03-03,2023-03-03 08:30:00,2023,3,Friday,8,35.149506,-89.90439,Possible Injury,Pedestrian,Intersection-In Crosswalk,Intersection,Daylight,Not Collision with Motor Vehicle in Transport,Pedestrian,1,True,City of Memphis,,,,,,,91.61969892945677
300869507,2023-02-25,2023-02-25 10:00:00,2023,2,Saturday,10,35.151417,-89.98071,Possible Injury,Pedestrian,Intersection-In Crosswalk,Intersection,Daylight,Not Collision with Motor Vehicle in Transport,Pedestrian,1,True,City of Memphis,,,,,,,41.71929117188468
300871066,2023-03-04,2023-03-04 10:08:00,2023,3,Saturday,10,35.091415,-89.90695,No Injury,Pedestrian,Not Intersection-Outside Traffic,Intersection,Daylight,Angle,Other,1,True,City of Memphis,,,,,,,2530.603829056625
300870152,2023-02-28,2023-02-28 23:10:00,2023,2,Tuesday,23,35.083065,-89.93171,Suspected Serious Injury,Pedestrian,Not Intersection-On Roadway Not In Crosswalk,Non-Junction,Dark-Lighted,Not Collision with Motor Vehicle in Transport,Pedestrian,1,True,City of Memphis,,,,,,,288.9813946539055
300870798,2023-03-01,2023-03-01 20:20:00,2023,3,Wednesday,20,35.02046,-90.0481,Fatal,Pedestrian,Not Intersection-On Roadway Not In Crosswalk,Non-Junction,Dark-Not Lighted,Not Collision with Motor Vehicle in Transport,Pedestrian,1,True,City of Memphis,,,,,,,46.24652005857063
300870841,2023-03-02,2023-03-02 21:25:00,2023,3,Thursday,21,35.050034,-89.86632,No Injury,Other Non-Motorist,Not Intersection-On Roadway Not In Crosswalk,Intersection,Dark-Lighted,Angle,Other,1,True,City of Memphis,,,,,,,2540.978528261106
300871117,2023-03-05,2023-03-05 01:05:00,2023,3,Sunday,1,35.18188,-89.79283,Possible Injury,Pedestrian,Not Intersection-On Roadway Not In Crosswalk,Non-Junction,Dark-Unknown Lighting,Not Collision with Motor Vehicle in Transport,Pedestrian,1,True,TDOT,N GERMANTOWN PKWY,Principal Arterial,50.0,6,177,1,0.20182911662787623
300871977,2023-03-08,2023-03-08 17:05:00,2023,3,Wednesday,17,35.100784,-89.97206,Possible Injury,Pedestrian,Intersection-On Roadway not in Crosswalk,Intersection,Dawn,Not Collision with Motor Vehicle in Transport,Pedestrian,1,True,City of Memphis,,,,,,,292.59239367790923
300874516,2023-03-21,2023-03-21 15:45:00,2023,3,Tuesday,15,35.139824,-89.80343,Possible Injury,Pedestrian,Intersection-On Roadway not in Crosswalk,Intersection-Related,Daylight,Not Collision with Motor Vehicle in Transport,Pedestrian,1,True,City of Memphis,,,,,,,701.1721769699735
300864056,2023-01-23,2023-01-23 20:15:00,2023,1,Monday,20,35.050297,-89.87499,No Injury,Pedestrian,Not Intersection-Outside Traffic,AccelDecelLane,Dark-Lighted,Not Collision with Motor Vehicle in Transport,Other,1,True,City of Memphis,,,,,,,2918.6298902878225