MstrRecNbrTxt,CollisionDate,CollisionDteTime,YearNmb,Month,DayOfWeek,Hour,Latitude,Longitude,InjuryClass,PersonType,NonMotoristLocation,RelationToJunction,LightCondition,MannerOfCollision,FirstHarmfulEvent,VictimsInCrash,InMemphis,Jurisdiction,StateRoute_NAME,StateRoute_F_System,StateRoute_SPDLIMIT,StateRoute_LANES,StateRoute_ALTNAME_1,StateRoute_Council_District,DistToStateRoute_m
300870580,2023-03-02,2023-03-02 20:15:00,2023,3,Thursday,20,35.137314,-89.994194,Suspected Serious Injury,Pedestrian,Intersection-In Crosswalk,Intersection,Dark-Lighted,Not Collision with Motor Vehicle in Transport,Pedestrian,1,True,City of Memphis,,,,,,,297.3456598905418
300872002,2023-03-05,2023-03-05 17:10:00,2023,3,Sunday,17,35.014134,-89.803081,Suspected Serious Injury,Pedestrian,Not Intersection-On Roadway Not In Crosswalk,Non-Junction,Dark-Not Lighted,Not Collision with Motor Vehicle in Transport,Pedestrian,1,False,Suburban-Shelby,,,,,,,
300868788,2023-02-23,2023-02-23 03:15:00,2023,2,Thursday,3,35.226337,-90.02248,Possible Injury,Pedestrian,Not Intersection-On Roadway Not In Crosswalk,Non-Junction,Dark-Lighted,Not Collision with Motor Vehicle in Transport,Pedestrian,1,True,TDOT,THOMAS ST,,40.0,2,3,7,2.07890929853068
300868671,2023-02-20,2023-02-20 20:00:00,2023,2,Monday,20,35.142185,-89.913795,Possible Injury,Pedestrian,Not Intersection-Adjacent to Roadway,"Driveway, Alley Access, etc",Dark-Unknown Lighting,Other,Other,1,True,City of Memphis,,,,,,,742.3751022892592
300873572,2023-03-16,2023-03-16 21:09:00,2023,3,Thursday,21,35.067947,-89.84247,Suspected Serious Injury,Pedestrian,Not Intersection-On Roadway Not In Crosswalk,Non-Junction,Daylight,Not Collision with Motor Vehicle in Transport,Pedestrian,1,True,City of Memphis,,,,,,,147.77291105618804
300869980,2023-02-28,2023-02-28 07:30:00,2023,2,Tuesday,7,35.09506,-90.07175,Suspected Serious Injury,Pedestrian,Intersection-In Crosswalk,Non-Junction,Daylight,Not Collision with Motor Vehicle in Transport,Pedestrian,1,True,City of Memphis,,,,,,,1440.6327302365282
300869437,2023-02-25,2023-02-25 21:29:00,2023,2,Saturday,21,35.053326,-90.02045,Possible Injury,Pedestrian,Intersection-On Roadway not in Crosswalk,Intersection,Dark-Lighted,Not Collision with Motor Vehicle in Transport,Pedestrian,1,True,City of Memphis,,,,,,,418.37472352027993
300869117,2023-02-20,2023-02-20 18:30:00,2023,2,Monday,18,35.06238,-89.90577,Possible Injury,Pedestrian,Intersection-On Roadway not in Crosswalk,Intersection,Dawn,Not Collision with Motor Vehicle in Transport,Pedestrian,1,True,City of Memphis,,,,,,,2133.1923531889306
300871759,2023-03-08,2023-03-08 00:15:00,2023,3,Wednesday,0,35.127785,-89.94525,Suspected Serious Injury,Pedestrian,Intersection-In Crosswalk,Intersection,Dark-Lighted,Not Collision with Motor Vehicle in Transport,Pedestrian,1,True,TDOT,POPLAR AVE,Principal Arterial,40.0,7,57,5,4.8265396384912655
300873088,2023-03-14,2023-03-14 06:02:00,2023,3,Tuesday,6,35.216984,-89.90984,Possible Injury,Pedestrian,Not Intersection-Outside Traffic,Intersection,Dark-Lighted,Not Collision with Motor Vehicle in Transport,Pedestrian,1,True,City of Memphis,,,,,,,248.13680391952346
300869176,2023-02-20,2023-02-20 20:51:00,2023,2,Monday,20,35.23399,-89.89301,Possible Injury,Pedestrian,Intersection-Unknown,AccelDecelLane,Dawn,Not Collision with Motor Vehicle in Transport,Pedestrian,1,True,City of Memphis,,,,,,,62.9896923887765
300868831,2023-02-17,2023-02-17 20:00:00,2023,2,Friday,20,35.14714,-90.050514,Possible Injury,Pedestrian,Intersection-On Roadway Crosswalk availability Unknown,Non-Junction,Dark-Lighted,Not Collision with Motor Vehicle in Transport,Pedestrian,1,True,TDOT,N SECOND ST,Minor Arterial,35.0,3,3,6,12.139923353682878
300868833,2023-02-23,2023-02-23 08:00:00,2023,2,Thursday,8,35.07851,-89.85198,Possible Injury,Pedestrian,Intersection-In Crosswalk,Intersection,Daylight,Not Collision with Motor Vehicle in Transport,Pedestrian,1,True,City of Memphis,,,,,,,828.846204649922
300870934,2023-03-03,2023-03-03 13:29:00,2023,3,Friday,13,35.061687,-90.02356,No Injury,Pedestrian,Intersection-In Crosswalk,Intersection,Daylight,Not Collision with Motor Vehicle in Transport,Pedestrian,1,True,TDOT,ELVIS PRESLEY BLVD,Principal Arterial,40.0,6,3,6,0.3988418671522159
300872885,2023-03-13,2023-03-13 09:05:00,2023,3,Monday,9,35.11621,-89.94114,Possible Injury,Pedestrian,Intersection-On Roadway Crosswalk availability Unknown,Unknown,Daylight,Not Collision with Motor Vehicle in Transport,Pedestrian,1,True,City of Memphis,,,,,,,1156.135705316395
300872411,2023-03-09,2023-03-09 20:00:00,2023,3,Thursday,20,35.138493,-90.04675,Possible Injury,Pedestrian,Intersection-Unknown,OtherLocation,Dark-Lighted,Not Collision with Motor Vehicle in Transport,Pedestrian,1,True,City of Memphis,,,,,,,81.02270173520364
300873132,2023-03-14,2023-03-14 16:25:00,2023,3,Tuesday,16,35.145554,-90.0541,Possible Injury,Pedestrian,Intersection-In Crosswalk,Intersection,Daylight,Not Collision with Motor Vehicle in Transport,Pedestrian,1,True,City of Memphis,,,,,,,244.60647152698746
300874120,2023-03-19,2023-03-19 20:00:00,2023,3,Sunday,20,35.05527,-90.06011,Possible Injury,Pedestrian,Intersection-On Roadway Crosswalk Not Available,Intersection,Dark-Lighted,Not Collision with Motor Vehicle in Transport,Pedestrian,1,True,TDOT,S THIRD ST,Principal Arterial,45.0,7,14,6,0.6584498041918765
300870394,2023-03-01,2023-03-01 19:51:00,2023,3,Wednesday,19,35.161568,-89.911835,Suspected Serious Injury,Pedestrian,Not Intersection-On Roadway Crosswalk not Available,Non-Junction,Dark-Lighted,Not Collision with Motor Vehicle in Transport,Pedestrian,1,True,City of Memphis,,,,,,,1209.6563479836586
300871258,2023-03-05,2023-03-05 15:30:00,2023,3,Sunday,15,35.217564,-90.00319,Possible Injury,Pedestrian,Intersection-Not on Roadway,Unknown,Daylight,Not Collision with Motor Vehicle in Transport,Pedestrian,1,True,City of Memphis,,,,,,,2000.122896875299
300869750,2023-02-27,2023-02-27 12:49:00,2023,2,Monday,12,35.079403,-89.98616,Possible Injury,Pedestrian,Intersection-In Crosswalk,Intersection,Daylight,Not Collision with Motor Vehicle in Transport,Pedestrian,1,True,City of Memphis,,,,,,,2205.6649140461814
300869268,2023-02-25,2023-02-25 03:00:00,2023,2,Saturday,3,35.14938,-89.95565,Suspected Serious Injury,Pedestrian,Not Intersection-On Roadway Not In Crosswalk,Non-Junction,Dark-Lighted,Not Collision with Motor Vehicle in Transport,Pedestrian,1,True,TDOT,SUMMER AVE,Principal Arterial,35.0,5,1,5,4.8911673952131425
300868932,2023-02-23,2023-02-23 16:20:00,2023,2,Thursday,16,35.11564,-90.054596,Suspected Minor Injury,Pedestrian,Intersection-On Roadway not in Crosswalk,Intersection,Daylight,Not Collision with Motor Vehicle in Transport,Pedestrian,1,True,City of Memphis,,,,,,,57.15375680002511
300880468,2023-04-17,2023-04-17 02:14:00,2023,4,Monday,2,35.174213,-89.9309,No Injury,Pedestrian,Not Intersection-Outside Traffic,Non-Junction,Dark-Lighted,Not Collision with Motor Vehicle in Transport,Other,1,True,City of Memphis,,,,,,,723.4522179328081
300876479,2023-03-30,2023-03-30 00:00:00,2023,3,Thursday,99,35.14544,-89.97798,Possible Injury,Pedestrian,Intersection-On Roadway not in Crosswalk,Intersection,Unknown,Not Collision with Motor Vehicle in Transport,Pedestrian,1,True,City of Memphis,,,,,,,378.9935011078309
300878793,2023-04-02,2023-04-02 21:10:00,2023,4,Sunday,21,35.182835,-89.87134,Suspected Serious Injury,Pedestrian,Not Intersection-On Roadway Crosswalk not Available,AccelDecelLane,Dark-Lighted,Not Collision with Motor Vehicle in Transport,Pedestrian,1,True,City of Memphis,,,,,,,970.4658877226198
300879049,2023-04-10,2023-04-10 17:00:00,2023,4,Monday,17,35.211857,-90.03223,Possible Injury,Pedestrian,Intersection-On Roadway not in Crosswalk,Unknown,Daylight,Not Collision with Motor Vehicle in Transport,Pedestrian,1,True,TDOT,THOMAS ST,,40.0,2,3,7,0.13087641482193987
300875404,2023-03-25,2023-03-25 05:47:00,2023,3,Saturday,5,35.064396,-90.05854,Possible Injury,Pedestrian,Intersection-Unknown,Unknown,Dark-Lighted,Not Collision with Motor Vehicle in Transport,Pedestrian,1,True,City of Memphis,,,,,,,48.612381765171094
300874593,2023-03-21,2023-03-21 19:58:00,2023,3,Tuesday,19,35.1364,-90.0123,Possible Injury,Pedestrian,Not Intersection-On Roadway Not In Crosswalk,Non-Junction,Dark-Not Lighted,Not Collision with Motor Vehicle in Transport,Pedestrian,1,True,TDOT,UNION AVE,Principal Arterial,35.0,6,23,5,4.789465351720647
300875439,2023-03-21,2023-03-21 19:51:00,2023,3,Tuesday,19,35.136389,-90.012102,Fatal,Pedestrian,Intersection-On Roadway not in Crosswalk,Non-Junction,Dark-Not Lighted,Not Collision with Motor Vehicle in Transport,Pedestrian,1,True,TDOT,UNION AVE,Principal Arterial,35.0,6,23,5,3.893781361960777
300880044,2023-04-13,2023-04-13 18:15:00,2023,4,Thursday,18,35.21955,-90.019714,Suspected Serious Injury,Pedestrian,Not Intersection-On Roadway Not In Crosswalk,Non-Junction,Daylight,Not Collision with Motor Vehicle in Transport,Pedestrian,2,True,City of Memphis,,,,,,,633.6922081122914
300879716,2023-04-12,2023-04-12 19:20:00,2023,4,Wednesday,19,35.233414,-89.96662,Suspected Serious Injury,Pedestrian,Not Intersection-On Roadway Not In Crosswalk,Non-Junction,Dark-Lighted,Not Collision with Motor Vehicle in Transport,Pedestrian,1,True,City of Memphis,,,,,,,3719.3720304672074
300875686,2023-03-26,2023-03-26 16:55:00,2023,3,Sunday,16,35.216885,-90.03026,Suspected Serious Injury,Pedestrian,Not Intersection-On Roadway Not In Crosswalk,Intersection-Related,Daylight,Not Collision with Motor Vehicle in Transport,Pedestrian,1,True,TDOT,THOMAS ST,,40.0,2,3,7,1.8470710670347963
300875440,2023-03-24,2023-03-24 19:05:00,2023,3,Friday,19,35.06031,-90.059875,Suspected Serious Injury,Pedestrian,Not Intersection-On Roadway Not In Crosswalk,Non-Junction,Dark-Lighted,Not Collision with Motor Vehicle in Transport,Pedestrian,1,True,City of Memphis,,,,,,,34.935709416551944
300875441,2023-03-24,2023-03-24 19:06:00,2023,3,Friday,19,35.06031,-90.059875,Suspected Serious Injury,Pedestrian,Not Intersection-On Roadway Not In Crosswalk,Non-Junction,Dark-Lighted,Not Collision with Motor Vehicle in Transport,Pedestrian,1,True,City of Memphis,,,,,,,34.935709416551944
300876593,2023-03-30,2023-03-30 16:50:00,2023,3,Thursday,16,35.22097,-89.909355,No Injury,Pedestrian,Intersection-On Roadway Crosswalk availability Unknown,Intersection-Related,Daylight,Not Collision with Motor Vehicle in Transport,Pedestrian,1,True,TDOT,AUSTIN PEAY HWY,Principal Arterial,45.0,7,14,1,2.825632746179556
300880304,2023-04-15,2023-04-15 11:20:00,2023,4,Saturday,11,35.133396,-89.98055,Suspected Serious Injury,Pedestrian,Not Intersection-Outside Traffic,Intersection,Daylight,Not Collision with Motor Vehicle in Transport,Pedestrian,1,True,TDOT,UNION AVE,Principal Arterial,35.0,7,23,5,5.056229106128405
300878657,2023-04-08,2023-04-08 15:00:00,2023,4,Saturday,15,35.093174,-89.977615,Suspected Minor Injury,Pedestrian,Not Intersection-On Roadway Not In Crosswalk,Non-Junction,Daylight,Not Collision with Motor Vehicle in Transport,Pedestrian,1,True,City of Memphis,,,,,,,674.0651701802766
300876625,2023-03-29,2023-03-29 22:05:00,2023,3,Wednesday,22,35.078083,-90.0195,Possible Injury,Pedestrian,Not Intersection-On Roadway Not In Crosswalk,Non-Junction,Dark-Lighted,Not Collision with Motor Vehicle in Transport,Pedestrian,1,True,TDOT,ELVIS PRESLEY BLVD,Minor Arterial,40.0,4,3,6,0.7868663802562404
300877778,2023-04-04,2023-04-04 20:20:00,2023,4,Tuesday,20,35.17464,-89.97544,Suspected Serious Injury,Pedestrian,Not Intersection-Unknown,SharedUsePathOrTrail,Dark-Lighted,Not Collision with Motor Vehicle in Transport,Pedestrian,1,True,City of Memphis,,,,,,,1846.448552370146
300875712,2023-03-25,2023-03-25 22:30:00,2023,3,Saturday,22,35.138195,-90.05444,Possible Injury,Pedestrian,Intersection-In Crosswalk,Intersection,Dark-Lighted,Not Collision with Motor Vehicle in Transport,Pedestrian,1,True,TDOT,S SECOND ST,Minor Arterial,35.0,2,14,6,2.9458362255467905
300873798,2023-03-17,2023-03-17 21:00:00,2023,3,Friday,21,35.110672,-90.0162,No Injury,Pedestrian,Not Intersection-Other Not On Roadway,Non-Junction,Dark-Lighted,Angle,Other,1,True,City of Memphis,,,,,,,506.74147605683163
300880079,2023-04-14,2023-04-14 19:20:00,2023,4,Friday,19,35.14448,-90.021805,Suspected Minor Injury,Pedestrian,Intersection-On Roadway Crosswalk Not Available,AccelDecelLane,Daylight,Not Collision with Motor Vehicle in Transport,Pedestrian,1,True,City of Memphis,,,,,,,780.1294485706305
300877478,2023-04-02,2023-04-02 14:06:00,2023,4,Sunday,14,35.189644,-89.92747,Suspected Serious Injury,Pedestrian,Not Intersection-Adjacent to Roadway,Non-Junction,Daylight,Angle,Other,1,True,TDOT,JACKSON AVE,Principal Arterial,40.0,7,14,7,2.2347912199413007
300874898,2023-03-22,2023-03-22 12:45:00,2023,3,Wednesday,12,35.20386,-89.82105,Suspected Serious Injury,Pedestrian,Intersection-On Roadway Crosswalk Not Available,Intersection-Related,Daylight,Not Collision with Motor Vehicle in Transport,Pedestrian,1,True,TDOT,US HIGHWAY 64,Principal Arterial,45.0,6,15,1,4.986674638979345
300878097,2023-04-06,2023-04-06 06:27:00,2023,4,Thursday,6,35.085983,-89.85877,Possible Injury,Pedestrian,Intersection-In Crosswalk,Intersection,Dawn,Not Collision with Motor Vehicle in Transport,Pedestrian,1,True,City of Memphis,,,,,,,1182.873864420354
300875739,2023-03-26,2023-03-26 21:50:00,2023,3,Sunday,21,35.09989,-90.00228,Suspected Minor Injury,Pedestrian,Intersection-On Roadway Crosswalk Not Available,Non-Junction,Dark-Lighted,Not Collision with Motor Vehicle in Transport,Pedestrian,1,True,City of Memphis,,,,,,,1447.3328053001694
300875746,2023-03-25,2023-03-25 16:55:00,2023,3,Saturday,16,35.092495,-90.05615,Possible Injury,Pedestrian,Intersection-Not on Roadway,Intersection,Daylight,Not Collision with Motor Vehicle in Transport,Pedestrian,2,True,TDOT,S THIRD ST,Principal Arterial,40.0,7,14,6,0.7180355902229851
300876380,2023-03-29,2023-03-29 17:00:00,2023,3,Wednesday,17,35.05001,-89.90168,Possible Injury,Pedestrian,Not Intersection-On Roadway Not In Crosswalk,Non-Junction,Daylight,Not Collision with Motor Vehicle in Transport,Pedestrian,1,True,City of Memphis,,,,,,,1738.4646345833935
300879505,2023-04-12,2023-04-12 18:30:00,2023,4,Wednesday,18,35.142204,-90.03157,Possible Injury,Pedestrian,Not Intersection-Outside Traffic,OtherLocation,Daylight,Not Collision with Motor Vehicle in Transport,Pedestrian,1,True,City of Memphis,,,,,,,420.5362771524241
300876395,2023-03-29,2023-03-29 19:48:00,2023,3,Wednesday,19,35.175457,-89.96243,Possible Injury,Pedestrian,Intersection-On Roadway not in Crosswalk,Intersection,Dark-Lighted,Not Collision with Motor Vehicle in Transport,Pedestrian,1,True,City of Memphis,,,,,,,1459.0911604216426
300879516,2023-04-12,2023-04-12 18:00:00,2023,4,Wednesday,18,35.168312,-89.93514,Possible Injury,Pedestrian,Intersection-On Roadway not in Crosswalk,Intersection,Daylight,Not Collision with Motor Vehicle in Transport,Pedestrian,1,True,City of Memphis,,,,,,,824.7379924141774
300880122,2023-03-14,2023-03-14 08:20:00,2023,3,Tuesday,8,35.206624,-89.884693,Suspected Serious Injury,Pedestrian,Not Intersection-On Roadway Not In Crosswalk,Non-Junction,Daylight,Not Collision with Motor Vehicle in Transport,Pedestrian,1,False,Suburban-Shelby,,,,,,,
300880995,2023-04-19,2023-04-19 05:15:00,2023,4,Wednesday,5,35.051125,-89.907745,Suspected Serious Injury,Pedestrian,Not Intersection-Adjacent to Roadway,Intersection-Related,Dark-Lighted,Not Collision with Motor Vehicle in Transport,Pedestrian,1,True,City of Memphis,,,,,,,1254.8226421798602
300878161,2023-04-06,2023-04-06 11:00:00,2023,4,Thursday,11,35.150368,-90.05196,Possible Injury,Pedestrian,Intersection-In Crosswalk,Intersection,Daylight,Not Collision with Motor Vehicle in Transport,Pedestrian,1,True,City of Memphis,,,,,,,223.0766186049701
300878467,2023-04-07,2023-04-07 15:38:00,2023,4,Friday,15,35.236225,-89.98338,Possible Injury,Pedestrian,Not Intersection-On Roadway Not In Crosswalk,Non-Junction,Daylight,Not Collision with Motor Vehicle in Transport,Pedestrian,1,True,City of Memphis,,,,,,,2291.6043612513336
300864587,2023-01-27,2023-01-27 16:30:00,2023,1,Friday,16,35.232872,-89.99795,Possible Injury,Pedestrian,Not Intersection-Unknown,Intersection,Daylight,Not Collision with Motor Vehicle in Transport,Pedestrian,1,True,City of Memphis,,,,,,,1412.9423465348323
300866127,2023-02-09,2023-02-09 17:07:00,2023,2,Thursday,17,35.123005,-89.939285,Suspected Serious Injury,Pedestrian,Not Intersection-On Roadway Crosswalk Availability Unknown,AccelDecelLane,Daylight,Not Collision with Motor Vehicle in Transport,Pedestrian,1,True,City of Memphis,,,,,,,383.81044463995215
300880191,2023-04-10,2023-04-10 16:00:00,2023,4,Monday,16,35.05204,-89.922226,Suspected Serious Injury,Pedestrian,Intersection-On Roadway Crosswalk availability Unknown,Intersection-Related,Daylight,Not Collision with Motor Vehicle in Transport,Pedestrian,1,True,City of Memphis,,,,,,,273.6434637772095
300876719,2023-03-31,2023-03-31 07:00:00,2023,3,Friday,7,35.21745,-89.99367,Possible Injury,Pedestrian,Intersection-On Roadway not in Crosswalk,Intersection,Dawn,Not Collision with Motor Vehicle in Transport,Pedestrian,1,True,City of Memphis,,,,,,,2715.563832111741
300877888,2023-04-01,2023-04-01 19:06:00,2023,4,Saturday,19,35.108456,-89.98326,Suspected Serious Injury,Pedestrian,Intersection-On Roadway not in Crosswalk,Intersection,Dawn,Not Collision with Motor Vehicle in Transport,Pedestrian,2,True,City of Memphis,,,,,,,149.98880460599625
300883690,2023-04-30,2023-04-30 21:30:00,2023,4,Sunday,21,35.020493,-89.93138,Suspected Serious Injury,Pedestrian,Not Intersection-On Roadway Not In Crosswalk,Intersection,Dark-Lighted,Not Collision with Motor Vehicle in Transport,Pedestrian,1,True,TDOT,E SHELBY DR,Principal Arterial,45.0,7,175,3,17.808493459967785
300887182,2023-05-16,2023-05-16 11:30:00,2023,5,Tuesday,11,35.16737,-89.93907,No Injury,Pedestrian,Not Intersection-Other Not On Roadway,Non-Junction,Daylight,Not Collision with Motor Vehicle in Transport,Other,2,True,City of Memphis,,,,,,,636.7884202915016
300883187,2023-04-28,2023-04-28 14:00:00,2023,4,Friday,14,35.133823,-90.019356,Possible Injury,Pedestrian,Intersection-On Roadway not in Crosswalk,AccelDecelLane,Daylight,Not Collision with Motor Vehicle in Transport,Pedestrian,1,True,City of Memphis,,,,,,,131.11641483180767
300881771,2023-04-21,2023-04-21 18:49:00,2023,4,Friday,18,35.083454,-90.02569,Suspected Serious Injury,Pedestrian,Intersection-On Roadway not in Crosswalk,Non-Junction,Daylight,Not Collision with Motor Vehicle in Transport,Pedestrian,1,True,City of Memphis,,,,,,,649.8630810089344
300886095,2023-05-04,2023-05-04 15:30:00,2023,5,Thursday,15,35.14951,-89.961494,Possible Injury,Pedestrian,Intersection-On Roadway not in Crosswalk,Intersection,Daylight,Not Collision with Motor Vehicle in Transport,Pedestrian,1,True,TDOT,SUMMER AVE,Principal Arterial,35.0,5,1,5,4.379760083222899
300886894,2023-05-15,2023-05-15 09:33:00,2023,5,Monday,9,35.045006,-89.86637,Possible Injury,Pedestrian,Not Intersection-Adjacent to Roadway,AccelDecelLane,Daylight,Not Collision with Motor Vehicle in Transport,Pedestrian,2,True,City of Memphis,,,,,,,2730.077532146185
300882927,2023-04-26,2023-04-26 20:32:00,2023,4,Wednesday,20,35.02035,-90.11504,Fatal,Pedestrian,Not Intersection-On Roadway Not In Crosswalk,SharedUsePathOrTrail,Dark-Not Lighted,Not Collision with Motor Vehicle in Transport,Pedestrian,1,True,City of Memphis,,,,,,,1831.7998956271344
300885805,2023-05-04,2023-05-04 17:06:00,2023,5,Thursday,17,35.070385,-89.84312,No Injury,Other Non-Motorist,Not Intersection-Unknown,Intersection,Dawn,Angle,Other,1,True,City of Memphis,,,,,,,364.3680266616457
300886915,2023-05-15,2023-05-15 08:05:00,2023,5,Monday,8,35.173313,-89.79301,Suspected Minor Injury,Pedestrian,Intersection-In Crosswalk,Intersection,Daylight,Not Collision with Motor Vehicle in Transport,Pedestrian,1,True,TDOT,N GERMANTOWN PKWY,Principal Arterial,50.0,6,177,1,0.6877599334041639
300883776,2023-04-30,2023-04-30 10:20:00,2023,4,Sunday,10,35.083588,-89.88082,No Injury,Other Non-Motorist,Not Intersection-Adjacent to Roadway,Non-Junction,Daylight,Front to Rear,Other,1,True,City of Memphis,,,,,,,451.7764123559363
300883794,2023-05-01,2023-05-01 13:02:00,2023,5,Monday,13,35.11925,-90.03312,Possible Injury,Pedestrian,Intersection-In Crosswalk,AccelDecelLane,Daylight,Not Collision with Motor Vehicle in Transport,Pedestrian,1,True,City of Memphis,,,,,,,834.1197290314699
300885832,2023-05-10,2023-05-10 02:00:00,2023,5,Wednesday,2,35.145138,-90.031746,Possible Injury,Pedestrian,Not Intersection-Unknown,Non-Junction,Dark-Unknown Lighting,Not Collision with Motor Vehicle in Transport,Pedestrian,1,True,City of Memphis,,,,,,,740.9813598882411
300882979,2023-04-27,2023-04-27 17:55:00,2023,4,Thursday,17,35.14949,-89.96524,Suspected Serious Injury,Pedestrian,Not Intersection-On Roadway Not In Crosswalk,Non-Junction,Daylight,Not Collision with Motor Vehicle in Transport,Pedestrian,1,True,TDOT,SUMMER AVE,Principal Arterial,35.0,5,1,5,13.063300450973047
300882415,2023-04-25,2023-04-25 05:23:00,2023,4,Tuesday,5,35.02104,-89.98982,Possible Injury,Pedestrian,Intersection-On Roadway not in Crosswalk,AccelDecelLane,Dark-Not Lighted,Not Collision with Motor Vehicle in Transport,Pedestrian,1,True,TDOT,E SHELBY DR,Principal Arterial,40.0,7,175,3,5.2278720652902315
300883849,2023-05-01,2023-05-01 17:42:00,2023,5,Monday,17,35.115032,-90.02167,Possible Injury,Pedestrian,Not Intersection-In Parking Lane,Intersection,Daylight,Not Collision with Motor Vehicle in Transport,Pedestrian,1,True,TDOT,S BELLEVUE BLVD,Minor Arterial,35.0,5,3,4,0.25927988698696214
300882747,2023-04-26,2023-04-26 17:37:00,2023,4,Wednesday,17,35.135654,-89.96237,Possible Injury,Pedestrian,Intersection-On Roadway not in Crosswalk,Intersection-Related,Dawn,Not Collision with Motor Vehicle in Transport,Pedestrian,1,True,TDOT,WALNUT GROVE RD,Minor Arterial,35.0,5,23,5,4.942329606597582
300886211,2023-05-12,2023-05-12 02:00:00,2023,5,Friday,2,35.061047,-90.03236,Possible Injury,Pedestrian,Not Intersection-On Roadway Not In Crosswalk,Non-Junction,Dark-Lighted,Not Collision with Motor Vehicle in Transport,Pedestrian,1,True,City of Memphis,,,,,,,774.4398231757965
300886213,2023-05-12,2023-05-12 03:03:00,2023,5,Friday,3,35.123184,-89.945435,Possible Injury,Pedestrian,Not Intersection-Unknown,Non-Junction,Dark-Lighted,Not Collision with Motor Vehicle in Transport,Pedestrian,1,True,City of Memphis,,,,,,,503.8738062172139
300882167,2023-04-24,2023-04-24 08:10:00,2023,4,Monday,8,35.097244,-89.93988,No Injury,Pedestrian,Not Intersection-Unknown,Unknown,Daylight,HeadOn,Other,1,True,City of Memphis,,,,,,,2017.4595578941821
300884189,2023-04-30,2023-04-30 01:00:00,2023,4,Sunday,1,35.084129,-89.889633,Possible Injury,Pedestrian,Intersection-Not on Roadway,Non-Junction,Dark-Lighted,Not Collision with Motor Vehicle in Transport,Pedestrian,1,True,City of Memphis,,,,,,,1226.0700920209035
300884824,2023-05-05,2023-05-05 21:00:00,2023,5,Friday,21,35.128174,-90.02656,Possible Injury,Pedestrian,Not Intersection-On Roadway Not In Crosswalk,AccelDecelLane,Dark-Lighted,Not Collision with Motor Vehicle in Transport,Pedestrian,1,True,City of Memphis,,,,,,,339.20356708600536
300883632,2023-04-30,2023-04-30 16:49:00,2023,4,Sunday,16,35.036205,-90.1047,Fatal,Pedestrian,Intersection-On Roadway Crosswalk Not Available,Intersection,Daylight,Not Collision with Motor Vehicle in Transport,Pedestrian,1,True,City of Memphis,,,,,,,2271.6741023848263
300883634,2023-04-30,2023-04-30 13:30:00,2023,4,Sunday,13,35.184483,-89.9309,Possible Injury,Pedestrian,Not Intersection-On Roadway Not In Crosswalk,Intersection-Related,Daylight,Not Collision with Motor Vehicle in Transport,Pedestrian,1,True,City of Memphis,,,,,,,62.02245407450655
300885689,2023-05-09,2023-05-09 17:19:00,2023,5,Tuesday,17,35.211357,-89.918915,Suspected Minor Injury,Pedestrian,Not Intersection-Adjacent to Roadway,OtherLocation,Daylight,Angle,Other,1,True,TDOT,AUSTIN PEAY HWY,,50.0,3,14,1,0.5969438634319845
300873442,2023-03-16,2023-03-16 04:59:00,2023,3,Thursday,4,35.068768,-89.96913,Fatal,Pedestrian,Intersection-On Roadway Crosswalk availability Unknown,Intersection,Dark-Lighted,Not Collision with Motor Vehicle in Transport,Pedestrian,1,True,City of Memphis,,,,,,,1779.4498281343597
300883914,2023-05-01,2023-05-01 22:40:00,2023,5,Monday,22,35.128716,-90.02108,Suspected Minor Injury,Pedestrian,Intersection-On Roadway not in Crosswalk,Intersection,Dark-Lighted,Not Collision with Motor Vehicle in Transport,Pedestrian,1,True,TDOT,S BELLEVUE BLVD,Minor Arterial,35.0,4,3,6,0.16135783821137242
300881360,2023-04-20,2023-04-20 15:45:00,2023,4,Thursday,15,35.15624,-90.02306,Possible Injury,Pedestrian,Intersection-In Crosswalk,Intersection,Daylight,Not Collision with Motor Vehicle in Transport,Pedestrian,1,True,City of Memphis,,,,,,,140.63211426211421
300885717,2023-05-09,2023-05-09 15:30:00,2023,5,Tuesday,15,35.15953,-90.026505,Possible Injury,Pedestrian,Not Intersection-On Roadway Not In Crosswalk,Non-Junction,Daylight,"Sideswipe, Opposite Direction",Other,1,True,City of Memphis,,,,,,,258.67721688422796