MstrRecNbrTxt,CollisionDate,CollisionDteTime,YearNmb,Month,DayOfWeek,Hour,Latitude,Longitude,InjuryClass,PersonType,NonMotoristLocation,RelationToJunction,LightCondition,MannerOfCollision,FirstHarmfulEvent,VictimsInCrash,InMemphis,Jurisdiction,StateRoute_NAME,StateRoute_F_System,StateRoute_SPDLIMIT,StateRoute_LANES,StateRoute_ALTNAME_1,StateRoute_Council_District,DistToStateRoute_m
300922682,2023-11-08,2023-11-08 20:35:00,2023,11,Wednesday,20,35.244186,-89.94719,Fatal,Pedestrian,Not Intersection-Adjacent to Roadway,Non-Junction,Dark-Lighted,Not Collision with Motor Vehicle in Transport,Pedestrian,1,True,City of Memphis,,,,,,,4294.067791359
300921575,2023-11-04,2023-11-04 18:30:00,2023,11,Saturday,18,35.177612,-89.95804,Possible Injury,Pedestrian,Not Intersection-In Crosswalk,Intersection,Daylight,Not Collision with Motor Vehicle in Transport,Pedestrian,1,True,City of Memphis,,,,,,,1351.7001636976033
300922705,2023-11-09,2023-11-09 17:14:00,2023,11,Thursday,17,35.149544,-90.04439,Suspected Minor Injury,Pedestrian,Intersection-In Crosswalk,Intersection,Dark-Lighted,Not Collision with Motor Vehicle in Transport,Pedestrian,1,True,City of Memphis,,,,,,,119.7233311976663
300922709,2023-11-09,2023-11-09 18:20:00,2023,11,Thursday,18,35.136204,-90.016266,Suspected Minor Injury,Pedestrian,Intersection-On Roadway not in Crosswalk,Intersection,Dark-Lighted,Not Collision with Motor Vehicle in Transport,Pedestrian,1,True,City of Memphis,,,,,,,70.51544182555966
300920103,2023-10-27,2023-10-27 22:00:00,2023,10,Friday,22,35.018356,-90.06777,Suspected Serious Injury,Pedestrian,Not Intersection-On Roadway Crosswalk not Available,"Driveway, Alley Access, etc",Dark-Lighted,Not Collision with Motor Vehicle in Transport,Pedestrian,1,True,City of Memphis,,,,,,,287.1935151816499
300924559,2023-11-18,2023-11-18 19:50:00,2023,11,Saturday,19,35.035503,-90.090324,Possible Injury,Pedestrian,Intersection-On Roadway Crosswalk availability Unknown,Intersection,Dawn,Not Collision with Motor Vehicle in Transport,Pedestrian,1,True,City of Memphis,,,,,,,1209.3255479372792
300922763,2023-11-08,2023-11-08 08:15:00,2023,11,Wednesday,8,35.143147,-90.04417,Possible Injury,Pedestrian,Intersection-On Roadway not in Crosswalk,"Driveway, Alley Access, etc",Daylight,Not Collision with Motor Vehicle in Transport,Pedestrian,1,True,TDOT,S DANNY THOMAS BLVD,Principal Arterial,35.0,2,1,6,2.6948324263141448
300920765,2023-10-31,2023-10-31 19:53:00,2023,10,Tuesday,19,35.167572,-89.733949,Suspected Minor Injury,Pedestrian,Intersection-On Roadway not in Crosswalk,Non-Junction,Dark-Not Lighted,Not Collision with Motor Vehicle in Transport,Pedestrian,1,False,Suburban-Shelby,,,,,,,
300924350,2023-11-17,2023-11-17 19:00:00,2023,11,Friday,19,35.083065,-89.93171,Possible Injury,Pedestrian,Intersection-Not on Roadway,Intersection-Related,Dark-Lighted,Not Collision with Motor Vehicle in Transport,Pedestrian,1,True,City of Memphis,,,,,,,288.9813946539055
300922788,2023-11-09,2023-11-09 00:14:00,2023,11,Thursday,0,35.06032,-90.06083,Possible Injury,Pedestrian,Not Intersection-On Roadway Not In Crosswalk,Intersection,Dark-Lighted,Not Collision with Motor Vehicle in Transport,Pedestrian,1,True,City of Memphis,,,,,,,121.84819025951022
300920164,2023-10-27,2023-10-27 20:47:00,2023,10,Friday,20,35.073643,-89.90422,Possible Injury,Pedestrian,Not Intersection-On Roadway Not In Crosswalk,Non-Junction,Dark-Lighted,Not Collision with Motor Vehicle in Transport,Pedestrian,1,True,City of Memphis,,,,,,,2506.953665554177
300918339,2023-10-18,2023-10-18 15:52:00,2023,10,Wednesday,15,35.13079,-90.02165,Possible Injury,Pedestrian,Intersection-On Roadway not in Crosswalk,Intersection,Daylight,Not Collision with Motor Vehicle in Transport,Pedestrian,1,True,City of Memphis,,,,,,,65.69058224710349
300924868,2023-11-20,2023-11-20 12:30:00,2023,11,Monday,12,35.084736,-89.98446,Possible Injury,Pedestrian,Not Intersection-On Roadway Not In Crosswalk,Non-Junction,Daylight,Not Collision with Motor Vehicle in Transport,Pedestrian,1,True,City of Memphis,,,,,,,1732.1657577649394
300922220,2023-11-07,2023-11-07 15:48:00,2023,11,Tuesday,15,35.21583,-89.92238,Possible Injury,Pedestrian,Intersection-On Roadway Crosswalk Not Available,Intersection,Daylight,Not Collision with Motor Vehicle in Transport,Pedestrian,1,True,City of Memphis,,,,,,,555.990006601053
300926157,2023-11-25,2023-11-25 17:15:00,2023,11,Saturday,17,35.20549,-89.791934,Suspected Minor Injury,Pedestrian,Not Intersection-On Roadway Not In Crosswalk,Intersection-Related,Dark-Not Lighted,Not Collision with Motor Vehicle in Transport,Pedestrian,2,False,Suburban-Shelby,,,,,,,
300927745,2023-12-04,2023-12-04 15:43:00,2023,12,Monday,15,35.09624,-89.85845,Possible Injury,Pedestrian,Not Intersection-On Roadway Not In Crosswalk,Non-Junction,Daylight,Not Collision with Motor Vehicle in Transport,Pedestrian,1,True,City of Memphis,,,,,,,596.0702313083611
300929339,2023-12-11,2023-12-11 07:40:00,2023,12,Monday,7,35.210182,-90.02313,Possible Injury,Pedestrian,Not Intersection-On Roadway Not In Crosswalk,Non-Junction,Dusk,Not Collision with Motor Vehicle in Transport,Pedestrian,1,True,City of Memphis,,,,,,,847.7697455204042
300927753,2023-12-03,2023-12-03 20:50:00,2023,12,Sunday,20,35.10837,-90.02629,No Injury,Pedestrian,Not Intersection-Outside Traffic,Intersection-Related,Dark-Not Lighted,Angle,Other,1,True,City of Memphis,,,,,,,432.2892843387012
300927756,2023-12-04,2023-12-04 17:30:00,2023,12,Monday,17,35.02604,-90.00751,Possible Injury,Pedestrian,Intersection-On Roadway not in Crosswalk,Non-Junction,Dusk,Not Collision with Motor Vehicle in Transport,Pedestrian,1,True,City of Memphis,,,,,,,551.6889749719535
300926936,2023-11-30,2023-11-30 08:10:00,2023,11,Thursday,8,35.035538,-90.023155,Possible Injury,Pedestrian,Intersection-On Roadway not in Crosswalk,Non-Junction,Daylight,Not Collision with Motor Vehicle in Transport,Pedestrian,1,True,City of Memphis,,,,,,,183.26490622025744
300926168,2023-11-27,2023-11-27 08:53:00,2023,11,Monday,8,35.141293,-90.01636,Possible Injury,Pedestrian,Intersection-In Crosswalk,Intersection,Daylight,Not Collision with Motor Vehicle in Transport,Pedestrian,1,True,City of Memphis,,,,,,,488.72551261290903
300926462,2023-11-28,2023-11-28 17:05:00,2023,11,Tuesday,17,35.020824,-90.04911,Possible Injury,Pedestrian,Intersection-On Roadway Crosswalk Not Available,Intersection-Related,Dark-Not Lighted,Not Collision with Motor Vehicle in Transport,Pedestrian,1,True,TDOT,E SHELBY DR,Minor Arterial,45.0,5,175,6,4.00799848927666
300911569,2023-09-14,2023-09-14 08:00:00,2023,9,Thursday,8,35.16373,-90.0367,Fatal,Pedestrian,Not Intersection-Outside Traffic,Intersection,Daylight,Not Collision with Motor Vehicle in Transport,Other,1,True,TDOT,THOMAS ST,Principal Arterial,35.0,5,3,7,1.924310776459004
300928921,2023-12-10,2023-12-10 09:30:00,2023,12,Sunday,9,35.145313,-90.03447,Possible Injury,Pedestrian,Intersection-Unknown,Intersection,Daylight,Not Collision with Motor Vehicle in Transport,Pedestrian,1,True,City of Memphis,,,,,,,732.22829977973
300925848,2023-11-25,2023-11-25 01:56:00,2023,11,Saturday,1,35.13684,-90.01668,Suspected Minor Injury,Pedestrian,Intersection-Unknown,Non-Junction,Dark-Not Lighted,Not Collision with Motor Vehicle in Transport,Pedestrian,1,True,TDOT,UNION AVE,Principal Arterial,35.0,6,23,6,5.167134976568865
300927352,2023-12-02,2023-12-02 18:00:00,2023,12,Saturday,18,35.091293,-90.076,Suspected Serious Injury,Pedestrian,Not Intersection-On Roadway Crosswalk not Available,"Driveway, Alley Access, etc",Dark-Lighted,Not Collision with Motor Vehicle in Transport,Pedestrian,1,True,City of Memphis,,,,,,,1791.5246417648054
300926758,2023-11-27,2023-11-27 19:35:00,2023,11,Monday,19,35.276483,-89.647077,Suspected Serious Injury,Pedestrian,Intersection-On Roadway not in Crosswalk,Non-Junction,Dark-Not Lighted,Not Collision with Motor Vehicle in Transport,Pedestrian,1,False,Suburban-Shelby,,,,,,,
300925131,2023-11-20,2023-11-20 18:23:00,2023,11,Monday,18,35.184135,-89.92008,Suspected Serious Injury,Pedestrian,Not Intersection-On Roadway Not In Crosswalk,Non-Junction,Dark-Lighted,Not Collision with Motor Vehicle in Transport,Pedestrian,1,True,City of Memphis,,,,,,,901.9042639485685
300922063,2023-11-06,2023-11-06 09:45:00,2023,11,Monday,9,35.046616,-90.01205,No Injury,Pedestrian,Intersection-Not on Roadway,Non-Junction,Daylight,Not Collision with Motor Vehicle in Transport,Other,1,True,City of Memphis,,,,,,,1191.5965541942599
300905908,2023-08-19,2023-08-19 01:18:00,2023,8,Saturday,1,35.07087,-89.90529,Fatal,Pedestrian,Not Intersection-On Roadway Crosswalk Availability Unknown,Intersection-Related,Dark-Lighted,Not Collision with Motor Vehicle in Transport,Pedestrian,1,True,City of Memphis,,,,,,,2433.368811448551
300923354,2023-11-11,2023-11-11 17:10:00,2023,11,Saturday,17,35.156519,-89.727277,Possible Injury,Pedestrian,Not Intersection-On Roadway Not In Crosswalk,Non-Junction,Dark-Unknown Lighting,Not Collision with Motor Vehicle in Transport,Pedestrian,1,False,Suburban-Shelby,,,,,,,
300927444,2023-12-01,2023-12-01 00:00:00,2023,12,Friday,99,35.13684,-90.01668,Possible Injury,Pedestrian,Intersection-In Crosswalk,Intersection,Unknown,Not Collision with Motor Vehicle in Transport,Pedestrian,1,True,TDOT,UNION AVE,Principal Arterial,35.0,6,23,6,5.167134976568865
300925897,2023-11-24,2023-11-24 21:00:00,2023,11,Friday,21,35.128716,-90.02108,Suspected Minor Injury,Pedestrian,Intersection-In Crosswalk,Intersection,Dark-Lighted,Not Collision with Motor Vehicle in Transport,Pedestrian,1,True,TDOT,S BELLEVUE BLVD,Minor Arterial,35.0,4,3,6,0.16135783821137242
300945569,2024-03-06,2024-03-06 19:00:00,2024,3,Wednesday,19,35.13337,-89.96339,Possible Injury,Pedestrian,Not Intersection-On Roadway Not In Crosswalk,Non-Junction,Dark-Lighted,Not Collision with Motor Vehicle in Transport,Pedestrian,1,True,TDOT,POPLAR AVE,Principal Arterial,40.0,7,57,5,4.716625327566114
300944713,2024-03-06,2024-03-06 14:44:00,2024,3,Wednesday,14,35.03486,-89.86643,Possible Injury,Pedestrian,Not Intersection-On Roadway Not In Crosswalk,Non-Junction,Daylight,Not Collision with Motor Vehicle in Transport,Pedestrian,1,True,City of Memphis,,,,,,,1604.4206166412694
300946427,2024-03-16,2024-03-16 18:05:00,2024,3,Saturday,18,35.131176,-89.94599,Possible Injury,Pedestrian,Intersection-Not on Roadway,Non-Junction,Dawn,Not Collision with Motor Vehicle in Transport,Pedestrian,1,True,City of Memphis,,,,,,,95.7360951912625
300943138,2024-02-26,2024-02-26 03:00:00,2024,2,Monday,3,35.14826,-90.043564,Suspected Serious Injury,Pedestrian,Intersection-In Crosswalk,Non-Junction,Unknown,Not Collision with Motor Vehicle in Transport,Pedestrian,1,True,TDOT,N DANNY THOMAS BLVD,Principal Arterial,35.0,7,1,7,1.394637586416222
300943609,2024-02-28,2024-02-28 11:58:00,2024,2,Wednesday,11,35.146214,-90.04428,Possible Injury,Pedestrian,Intersection-On Roadway not in Crosswalk,Intersection-Related,Daylight,Not Collision with Motor Vehicle in Transport,Pedestrian,1,True,TDOT,N DANNY THOMAS BLVD,Principal Arterial,35.0,7,1,7,0.0999569035118134
300944086,2024-03-02,2024-03-02 16:05:00,2024,3,Saturday,16,35.13793,-90.031555,Suspected Minor Injury,Pedestrian,Not Intersection-On Roadway Not In Crosswalk,Non-Junction,Daylight,Not Collision with Motor Vehicle in Transport,Pedestrian,1,True,City of Memphis,,,,,,,49.20245343686932
300944271,2024-03-03,2024-03-03 03:00:00,2024,3,Sunday,3,35.140358,-90.05173,Suspected Serious Injury,Pedestrian,Intersection-Unknown,Non-Junction,Dark-Lighted,Not Collision with Motor Vehicle in Transport,Pedestrian,1,True,TDOT,S THIRD ST,Minor Arterial,35.0,3,14,6,0.32205825267878113
300942946,2024-02-19,2024-02-19 18:26:00,2024,2,Monday,18,35.1347,-89.98194,Suspected Serious Injury,Pedestrian,Intersection-On Roadway not in Crosswalk,Intersection-Related,Daylight,Not Collision with Motor Vehicle in Transport,Pedestrian,1,True,City of Memphis,,,,,,,132.69016219471322
300922820,2023-11-09,2023-11-09 17:14:00,2023,11,Thursday,17,35.10725,-89.9874,Suspected Serious Injury,Pedestrian,Not Intersection-On Roadway Not In Crosswalk,AccelDecelLane,Dark-Lighted,Not Collision with Motor Vehicle in Transport,Pedestrian,1,True,TDOT,LAMAR AVE,Principal Arterial,40.0,5,4,4,4.844639429684199
300946022,2024-03-14,2024-03-14 06:30:00,2024,3,Thursday,6,35.13608,-90.0245,Suspected Serious Injury,Pedestrian,Not Intersection-On Roadway Crosswalk Availability Unknown,AccelDecelLane,Dawn,Not Collision with Motor Vehicle in Transport,Pedestrian,1,True,City of Memphis,,,,,,,174.69288330203923
300942758,2024-02-24,2024-02-24 08:29:00,2024,2,Saturday,8,35.065323,-90.072075,Possible Injury,Pedestrian,Intersection-Unknown,Intersection,Daylight,Not Collision with Motor Vehicle in Transport,Pedestrian,1,True,City of Memphis,,,,,,,1190.320105631597
300946093,2024-03-14,2024-03-14 13:30:00,2024,3,Thursday,13,35.05282,-90.00772,Suspected Serious Injury,Pedestrian,Not Intersection-Other Not On Roadway,Non-Junction,Daylight,Not Collision with Motor Vehicle in Transport,Pedestrian,1,True,City of Memphis,,,,,,,1580.0668840325095
300943004,2024-02-25,2024-02-25 21:08:00,2024,2,Sunday,21,35.153065,-89.883156,Possible Injury,Pedestrian,Not Intersection-On Roadway Not In Crosswalk,Non-Junction,Dark-Lighted,Angle,Other,2,True,City of Memphis,,,,,,,372.22162486753086
300946316,2024-03-16,2024-03-16 00:30:00,2024,3,Saturday,0,35.17286,-90.036,Suspected Serious Injury,Pedestrian,Not Intersection-On Roadway Not In Crosswalk,Intersection-Related,Dark-Not Lighted,Not Collision with Motor Vehicle in Transport,Pedestrian,1,True,TDOT,THOMAS ST,Minor Arterial,35.0,4,3,7,0.10790387462878134
300943009,2024-02-25,2024-02-25 18:51:00,2024,2,Sunday,18,35.066006,-89.912094,Possible Injury,Pedestrian,Not Intersection-Other Not On Roadway,"Driveway, Alley Access, etc",Dark-Lighted,Not Collision with Motor Vehicle in Transport,Pedestrian,1,True,City of Memphis,,,,,,,1801.8772442394704
300902280,2023-08-01,2023-08-01 00:00:00,2023,8,Tuesday,0,35.021023,-90.00268,Fatal,Pedestrian,Not Intersection-On Roadway Crosswalk not Available,Non-Junction,Dark-Lighted,Angle,Other,1,True,TDOT,E SHELBY DR,,40.0,7,175,3,4.94990160948917
300942814,2024-02-23,2024-02-23 14:40:00,2024,2,Friday,14,35.204502,-89.79206,Suspected Minor Injury,Pedestrian,Not Intersection-On Roadway Not In Crosswalk,Intersection,Daylight,Not Collision with Motor Vehicle in Transport,Pedestrian,1,True,TDOT,N GERMANTOWN PKWY,Principal Arterial,45.0,7,177,1,0.0834361809957411
300944160,2024-03-01,2024-03-01 21:48:00,2024,3,Friday,21,35.204027,-89.878402,No Injury,Pedestrian,Not Intersection-Outside Traffic,Non-Junction,Dark-Lighted,Not Collision with Motor Vehicle in Transport,Other,1,False,Suburban-Shelby,,,,,,,
300942827,2024-02-24,2024-02-24 17:35:00,2024,2,Saturday,17,35.090954,-89.9167,Possible Injury,Pedestrian,Not Intersection-On Roadway Not In Crosswalk,Non-Junction,Daylight,Not Collision with Motor Vehicle in Transport,Pedestrian,1,True,City of Memphis,,,,,,,1767.3599265627868
300944418,2024-03-04,2024-03-04 18:58:00,2024,3,Monday,18,35.07585,-89.93103,Possible Injury,Pedestrian,Not Intersection-On Roadway Not In Crosswalk,AccelDecelLane,Dark-Lighted,Not Collision with Motor Vehicle in Transport,Pedestrian,1,True,City of Memphis,,,,,,,49.91964123275287
300943527,2024-02-28,2024-02-28 15:39:00,2024,2,Wednesday,15,35.19523,-89.83642,Possible Injury,Pedestrian,Not Intersection-On Roadway Not In Crosswalk,Non-Junction,Daylight,Not Collision with Motor Vehicle in Transport,Pedestrian,1,True,City of Memphis,,,,,,,1047.6951110562966
300945667,2024-03-11,2024-03-11 21:45:00,2024,3,Monday,21,35.061985,-89.8891,Suspected Minor Injury,Pedestrian,Not Intersection-Other Not On Roadway,Intersection-Related,Dark-Lighted,Unknown,Other,1,True,City of Memphis,,,,,,,2408.058818383831
300944655,2024-03-06,2024-03-06 05:45:00,2024,3,Wednesday,5,35.072372,-89.863434,Possible Injury,Pedestrian,Intersection-On Roadway not in Crosswalk,AccelDecelLane,Dark-Not Lighted,Not Collision with Motor Vehicle in Transport,Pedestrian,1,True,City of Memphis,,,,,,,332.0053824944714
300907355,2023-08-26,2023-08-26 20:48:00,2023,8,Saturday,20,35.046978,-89.954636,Fatal,Pedestrian,Not Intersection-On Roadway Crosswalk not Available,Intersection,Dark-Lighted,Not Collision with Motor Vehicle in Transport,Pedestrian,1,True,City of Memphis,,,,,,,1734.8403085107884
300945491,2024-03-11,2024-03-11 10:55:00,2024,3,Monday,10,35.128063,-90.03553,Possible Injury,Pedestrian,Not Intersection-On Roadway Not In Crosswalk,Intersection,Daylight,Not Collision with Motor Vehicle in Transport,Pedestrian,1,True,City of Memphis,,,,,,,35.15636519451827
300945127,2024-03-08,2024-03-08 08:00:00,2024,3,Friday,8,35.143852,-90.03178,Suspected Serious Injury,Pedestrian,Not Intersection-Adjacent to Roadway,"Driveway, Alley Access, etc",Daylight,Not Collision with Motor Vehicle in Transport,Pedestrian,1,True,City of Memphis,,,,,,,599.1727206937802
300946567,2024-03-17,2024-03-17 11:30:00,2024,3,Sunday,11,35.035637,-90.098495,Possible Injury,Pedestrian,Not Intersection-In Crosswalk,Intersection,Daylight,Not Collision with Motor Vehicle in Transport,Pedestrian,1,True,City of Memphis,,,,,,,1793.9492922721613
300902266,2023-08-01,2023-08-01 21:39:00,2023,8,Tuesday,21,35.148746,-89.91827,Fatal,Pedestrian,Not Intersection-On Roadway Crosswalk not Available,Non-Junction,Dark-Lighted,Not Collision with Motor Vehicle in Transport,Pedestrian,1,True,TDOT,SUMMER AVE,Principal Arterial,40.0,7,1,5,25.02905419108001
300943341,2024-02-27,2024-02-27 18:40:00,2024,2,Tuesday,18,35.035255,-90.02121,Suspected Serious Injury,Pedestrian,Not Intersection-On Roadway Not In Crosswalk,AccelDecelLane,Dusk,Not Collision with Motor Vehicle in Transport,Pedestrian,1,True,City of Memphis,,,,,,,360.8950575981816
300944004,2024-03-02,2024-03-02 13:28:00,2024,3,Saturday,13,35.024364,-89.950165,Possible Injury,Pedestrian,Not Intersection-On Roadway Not In Crosswalk,AccelDecelLane,Daylight,Not Collision with Motor Vehicle in Transport,Pedestrian,1,True,City of Memphis,,,,,,,398.9423135647328
300942671,2024-02-23,2024-02-23 19:50:00,2024,2,Friday,19,35.14073,-90.05319,Possible Injury,Pedestrian,Intersection-In Crosswalk,Intersection-Related,Dark-Lighted,Not Collision with Motor Vehicle in Transport,Pedestrian,1,True,TDOT,S SECOND ST,Minor Arterial,35.0,3,14,6,1.877387736419108
300889787,2023-05-28,2023-05-28 22:49:00,2023,5,Sunday,22,34.995293,-89.87912,Fatal,Pedestrian,Not Intersection-Adjacent to Roadway,Non-Junction,Dark-Not Lighted,Angle,Other,1,True,TDOT,LAMAR AVE,Principal Arterial,55.0,2,4,3,7.601254283615757
300949538,2024-04-02,2024-04-02 06:25:00,2024,4,Tuesday,6,35.09345,-89.94938,Suspected Serious Injury,Pedestrian,Not Intersection-On Roadway Not In Crosswalk,Non-Junction,Dark-Lighted,Not Collision with Motor Vehicle in Transport,Pedestrian,1,True,City of Memphis,,,,,,,1424.5591819446288
300949005,2024-03-30,2024-03-30 21:13:00,2024,3,Saturday,21,35.197906,-89.905525,Fatal,Pedestrian,Not Intersection-On Roadway Not In Crosswalk,Non-Junction,Dark-Not Lighted,Not Collision with Motor Vehicle in Transport,Pedestrian,1,True,City of Memphis,,,,,,,927.8008535053899
300950729,2024-04-06,2024-04-06 01:00:00,2024,4,Saturday,1,35.170456,-90.01853,Suspected Serious Injury,Pedestrian,Intersection-On Roadway not in Crosswalk,AccelDecelLane,Dark-Lighted,Not Collision with Motor Vehicle in Transport,Pedestrian,1,True,City of Memphis,,,,,,,1314.5835570188535
300949183,2024-03-31,2024-03-31 15:50:00,2024,3,Sunday,15,35.047066,-90.0831,Possible Injury,Pedestrian,Not Intersection-On Roadway Not In Crosswalk,Intersection,Daylight,Not Collision with Motor Vehicle in Transport,Pedestrian,1,True,City of Memphis,,,,,,,1515.745915311768
300927411,2023-12-02,2023-12-02 18:00:00,2023,12,Saturday,18,35.21997,-89.97506,Suspected Serious Injury,Pedestrian,Not Intersection-On Roadway Not In Crosswalk,Non-Junction,Dark-Lighted,Not Collision with Motor Vehicle in Transport,Pedestrian,1,True,City of Memphis,,,,,,,3940.917650490673
300948828,2024-03-29,2024-03-29 16:20:00,2024,3,Friday,16,35.21044,-90.02334,No Injury,Pedestrian,Not Intersection-Adjacent to Roadway,Non-Junction,Daylight,Not Collision with Motor Vehicle in Transport,Pedestrian,1,True,City of Memphis,,,,,,,824.3737243837344
300952277,2024-04-16,2024-04-16 18:07:00,2024,4,Tuesday,18,35.030243,-90.09917,No Injury,Pedestrian,Intersection-Not on Roadway,Non-Junction,Daylight,Not Collision with Motor Vehicle in Transport,Other,1,True,City of Memphis,,,,,,,1461.6047759957728
300951092,2024-04-01,2024-04-01 15:00:00,2024,4,Monday,15,35.12923,-90.02928,Possible Injury,Pedestrian,Intersection-Unknown,Non-Junction,Daylight,Not Collision with Motor Vehicle in Transport,Pedestrian,1,True,City of Memphis,,,,,,,288.20022148683415
300912842,2023-09-23,2023-09-23 20:33:00,2023,9,Saturday,20,35.04891,-89.82338,Fatal,Pedestrian,Not Intersection-On Roadway Not In Crosswalk,Non-Junction,Dark-Lighted,Not Collision with Motor Vehicle in Transport,Pedestrian,1,True,City of Memphis,,,,,,,389.23281482484566
300948345,2024-03-21,2024-03-21 15:00:00,2024,3,Thursday,15,35.338417,-89.895454,Possible Injury,Pedestrian,Not Intersection-Unknown,OtherLocation,Daylight,Not Collision with Motor Vehicle in Transport,Pedestrian,1,False,Suburban-Shelby,,,,,,,
300948095,2024-03-13,2024-03-13 07:55:00,2024,3,Wednesday,7,35.212,-89.77687,Possible Injury,Pedestrian,Intersection-In Crosswalk,Intersection,Daylight,Not Collision with Motor Vehicle in Transport,Pedestrian,1,False,Suburban-Shelby,,,,,,,
300952100,2024-04-09,2024-04-09 22:20:00,2024,4,Tuesday,22,35.03555,-89.99004,Possible Injury,Pedestrian,Not Intersection-On Roadway Not In Crosswalk,Non-Junction,Dark-Lighted,Not Collision with Motor Vehicle in Transport,Pedestrian,1,True,City of Memphis,,,,,,,1604.7273773404108
300861062,2023-01-15,2023-01-15 17:40:00,2023,1,Sunday,17,35.042774,-90.08509,Fatal,Pedestrian,Not Intersection-On Roadway Not In Crosswalk,Non-Junction,Dark-Not Lighted,Not Collision with Motor Vehicle in Transport,Pedestrian,1,True,City of Memphis,,,,,,,1353.3349409694429
300951627,2024-04-12,2024-04-12 13:50:00,2024,4,Friday,13,35.08155,-89.92097,No Injury,Pedestrian,Unknown,OtherLocation,Daylight,Not Collision with Motor Vehicle in Transport,Other,2,True,City of Memphis,,,,,,,949.8641369470814
300949478,2024-04-01,2024-04-01 00:00:00,2024,4,Monday,99,35.01037,-90.03232,No Injury,Other Non-Motorist,Unknown,Non-Junction,Unknown,Unknown,Other,1,True,City of Memphis,,,,,,,644.7042004682313
300950194,2024-03-15,2024-03-15 06:46:00,2024,3,Friday,6,35.152725,-90.04702,Possible Injury,Pedestrian,Intersection-On Roadway not in Crosswalk,Intersection,Dark-Not Lighted,Not Collision with Motor Vehicle in Transport,Pedestrian,1,True,TDOT,N THIRD ST,Minor Arterial,35.0,3,3,7,1.5373706192851135
300947519,2024-03-22,2024-03-22 15:16:00,2024,3,Friday,15,35.11567,-90.03179,Possible Injury,Pedestrian,Not Intersection-In Crosswalk,AccelDecelLane,Daylight,Not Collision with Motor Vehicle in Transport,Pedestrian,1,True,City of Memphis,,,,,,,924.7135801969015
300903288,2023-06-03,2023-06-03 21:06:00,2023,6,Saturday,21,35.299134,-89.804265,Fatal,Pedestrian,Not Intersection-On Roadway Not In Crosswalk,Non-Junction,Dark-Not Lighted,Angle,Other,2,False,Suburban-Shelby,,,,,,,
300950399,2024-04-06,2024-04-06 00:00:00,2024,4,Saturday,99,35.149372,-90.01437,Possible Injury,Pedestrian,Intersection-Unknown,Unknown,Unknown,Not Collision with Motor Vehicle in Transport,Pedestrian,1,True,City of Memphis,,,,,,,414.6024225345581
300950936,2024-04-08,2024-04-08 17:30:00,2024,4,Monday,17,35.14286,-90.044716,Possible Injury,Pedestrian,Not Intersection-In Parking Lane,Non-Junction,Dawn,Not Collision with Motor Vehicle in Transport,Pedestrian,1,True,TDOT,S DANNY THOMAS BLVD,Principal Arterial,35.0,2,1,6,17.24556980665623
300950023,2024-04-01,2024-04-01 16:15:00,2024,4,Monday,16,35.150452,-90.049215,Possible Injury,Pedestrian,Not Intersection-On Roadway Not In Crosswalk,Non-Junction,Daylight,Not Collision with Motor Vehicle in Transport,Pedestrian,1,True,TDOT,N SECOND ST,Minor Arterial,35.0,3,3,7,10.612424796523298
300920224,2023-10-29,2023-10-29 05:08:00,2023,10,Sunday,5,35.107483,-90.05545,Fatal,Pedestrian,Intersection-In Crosswalk,Non-Junction,Dark-Lighted,Not Collision with Motor Vehicle in Transport,Pedestrian,1,True,TDOT,S THIRD ST,Principal Arterial,40.0,4,14,6,10.336594429654939
300949759,2024-04-03,2024-04-03 10:30:00,2024,4,Wednesday,10,35.09741,-90.01392,Possible Injury,Pedestrian,Intersection-On Roadway Crosswalk Not Available,Intersection,Daylight,Not Collision with Motor Vehicle in Transport,Pedestrian,1,True,City of Memphis,,,,,,,370.9748909728633
300947315,2024-03-08,2024-03-08 04:00:00,2024,3,Friday,4,35.054024,-90.02735,Possible Injury,Pedestrian,Intersection-On Roadway Crosswalk availability Unknown,Intersection,Dark-Lighted,Not Collision with Motor Vehicle in Transport,Pedestrian,1,True,City of Memphis,,,,,,,213.32540268620278